id,documentId,blobName,originalFilename,riding,contentType,userId,status,createdAt,lastUpdatedAt,reviewerId,reviewStartedAt,reviewCompletedAt,rawResultsPath,cleanedResultsPath,errorMessage,pageCount,tableCount,_rid,_self,_etag,_attachments,_ts
db1ead34-5c0c-4382-ad92-2dbed81c506b,db1ead34-5c0c-4382-ad92-2dbed81c506b,default_user/moncton/1745856152_db1ead34-5c0c-4382-ad92-2dbed81c506b_Sequence Number Sheet - Election Day.pdf,Sequence Number Sheet - Election Day.pdf,Moncton,application/pdf,default_user,error,2025-04-28T16:04:15Z,2025-04-28T16:10:29Z,,,,,,"(InvalidRequest) Invalid request.
Code: InvalidRequest
Message: Invalid request.
Inner error: {
    ""code"": ""InvalidContentDimensions"",
    ""message"": ""The input image dimensions are out of range. Refer to documentation for supported image dimensions.""
}",0,0,6ookAIWw2xZYAAAAAAAAAA==,dbs/6ookAA==/colls/6ookAIWw2xY=/docs/6ookAIWw2xZYAAAAAAAAAA==/,"""0000931a-0000-0a00-0000-680fa8750000""",attachments/,1745856629
4d6df149-405c-4c2c-86a4-4b64731b5f94,4d6df149-405c-4c2c-86a4-4b64731b5f94,default_user/fredericton/1745856314_4d6df149-405c-4c2c-86a4-4b64731b5f94_Binder-meenans.pdf,Binder-meenans.pdf,Fredericton,application/pdf,default_user,error,2025-04-28T16:06:04Z,2025-04-28T16:11:53Z,,,,,,"(InvalidRequest) Invalid request.
Code: InvalidRequest
Message: Invalid request.
Inner error: {
    ""code"": ""InvalidContentDimensions"",
    ""message"": ""The input image dimensions are out of range. Refer to documentation for supported image dimensions.""
}",0,0,6ookAIWw2xZZAAAAAAAAAA==,dbs/6ookAA==/colls/6ookAIWw2xY=/docs/6ookAIWw2xZZAAAAAAAAAA==/,"""0000971a-0000-0a00-0000-680fa8c90000""",attachments/,1745856713
f231e0c0-bd01-4dd0-945f-a87fd715632f,f231e0c0-bd01-4dd0-945f-a87fd715632f,default_user/fredericton/1745856364_f231e0c0-bd01-4dd0-945f-a87fd715632f_Binder-qplex.pdf,Binder-qplex.pdf,Fredericton,application/pdf,default_user,error,2025-04-28T16:06:18Z,2025-04-28T16:12:58Z,,,,,,"(InvalidRequest) Invalid request.
Code: InvalidRequest
Message: Invalid request.
Inner error: {
    ""code"": ""InvalidContentDimensions"",
    ""message"": ""The input image dimensions are out of range. Refer to documentation for supported image dimensions.""
}",0,0,6ookAIWw2xZaAAAAAAAAAA==,dbs/6ookAA==/colls/6ookAIWw2xY=/docs/6ookAIWw2xZaAAAAAAAAAA==/,"""00009a1a-0000-0a00-0000-680fa90b0000""",attachments/,1745856779
605e5736-1a53-418f-ac57-653fb2bfba78,605e5736-1a53-418f-ac57-653fb2bfba78,"default_user/fredericton/1745856378_605e5736-1a53-418f-ac57-653fb2bfba78_Doc Apr 28, 2025, 10_28.pdf","Doc Apr 28, 2025, 10_28.pdf",Fredericton,application/pdf,default_user,error,2025-04-28T16:06:38Z,2025-04-28T16:14:09Z,,,,,,The truth value of an array with more than one element is ambiguous. Use a.any() or a.all(),8,6,6ookAIWw2xZbAAAAAAAAAA==,dbs/6ookAA==/colls/6ookAIWw2xY=/docs/6ookAIWw2xZbAAAAAAAAAA==/,"""00009f1a-0000-0a00-0000-680fa9510000""",attachments/,1745856849
fc73272a-adcf-4bbf-a1d8-4b27d6736c56,fc73272a-adcf-4bbf-a1d8-4b27d6736c56,"default_user/fredericton/1745856398_fc73272a-adcf-4bbf-a1d8-4b27d6736c56_Doc Apr 28, 2025, 10_54.pdf","Doc Apr 28, 2025, 10_54.pdf",Fredericton,application/pdf,default_user,error,2025-04-28T16:06:54Z,2025-04-28T16:16:16Z,,,,,,The truth value of an array with more than one element is ambiguous. Use a.any() or a.all(),14,10,6ookAIWw2xZcAAAAAAAAAA==,dbs/6ookAA==/colls/6ookAIWw2xY=/docs/6ookAIWw2xZcAAAAAAAAAA==/,"""0000a51a-0000-0a00-0000-680fa9d00000""",attachments/,1745856976
5f4f5a34-98bc-4912-a97d-727fb18c4931,5f4f5a34-98bc-4912-a97d-727fb18c4931,"default_user/fredericton/1745856414_5f4f5a34-98bc-4912-a97d-727fb18c4931_Doc Apr 28, 2025, 11_16.pdf","Doc Apr 28, 2025, 11_16.pdf",Fredericton,application/pdf,default_user,error,2025-04-28T16:06:57Z,2025-04-28T16:19:18Z,,,,,,The truth value of an array with more than one element is ambiguous. Use a.any() or a.all(),20,14,6ookAIWw2xZdAAAAAAAAAA==,dbs/6ookAA==/colls/6ookAIWw2xY=/docs/6ookAIWw2xZdAAAAAAAAAA==/,"""0000ad1a-0000-0a00-0000-680faa860000""",attachments/,1745857158
ed0d2614-3ebc-47e3-9260-1ecbb7b0c427,ed0d2614-3ebc-47e3-9260-1ecbb7b0c427,"default_user/fredericton/1745856418_ed0d2614-3ebc-47e3-9260-1ecbb7b0c427_Doc Apr 28, 2025, 11_30.pdf","Doc Apr 28, 2025, 11_30.pdf",Fredericton,application/pdf,default_user,error,2025-04-28T16:07:06Z,2025-04-28T16:20:19Z,,,,,,The truth value of an array with more than one element is ambiguous. Use a.any() or a.all(),6,6,6ookAIWw2xZeAAAAAAAAAA==,dbs/6ookAA==/colls/6ookAIWw2xY=/docs/6ookAIWw2xZeAAAAAAAAAA==/,"""0000b91a-0000-0a00-0000-680faac30000""",attachments/,1745857219
da9f0d89-33dc-4aac-9cf7-a78d53460d01,da9f0d89-33dc-4aac-9cf7-a78d53460d01,"default_user/fredericton/1745856427_da9f0d89-33dc-4aac-9cf7-a78d53460d01_Doc Apr 28, 2025, 11_42.pdf","Doc Apr 28, 2025, 11_42.pdf",Fredericton,application/pdf,default_user,error,2025-04-28T16:07:27Z,2025-04-28T16:22:21Z,,,,,,The truth value of an array with more than one element is ambiguous. Use a.any() or a.all(),12,8,6ookAIWw2xZfAAAAAAAAAA==,dbs/6ookAA==/colls/6ookAIWw2xY=/docs/6ookAIWw2xZfAAAAAAAAAA==/,"""0000c31a-0000-0a00-0000-680fab3d0000""",attachments/,1745857341
501f593a-6960-44c2-a1b4-cf1afcb3cdc0,501f593a-6960-44c2-a1b4-cf1afcb3cdc0,"default_user/fredericton/1745856447_501f593a-6960-44c2-a1b4-cf1afcb3cdc0_Doc Apr 28, 2025, 11_51.pdf","Doc Apr 28, 2025, 11_51.pdf",Fredericton,application/pdf,default_user,error,2025-04-28T16:07:38Z,2025-04-28T16:24:03Z,,,,,,The truth value of an array with more than one element is ambiguous. Use a.any() or a.all(),10,6,6ookAIWw2xZgAAAAAAAAAA==,dbs/6ookAA==/colls/6ookAIWw2xY=/docs/6ookAIWw2xZgAAAAAAAAAA==/,"""0000ca1a-0000-0a00-0000-680faba30000""",attachments/,1745857443
e3beda74-da24-4902-95c4-93725a5fabb6,e3beda74-da24-4902-95c4-93725a5fabb6,"default_user/fredericton/1745856458_e3beda74-da24-4902-95c4-93725a5fabb6_Doc Apr 28, 2025, 11_54.pdf","Doc Apr 28, 2025, 11_54.pdf",Fredericton,application/pdf,default_user,processing,2025-04-28T16:07:45Z,2025-04-28T16:24:05Z,,,,,,,0,0,6ookAIWw2xZhAAAAAAAAAA==,dbs/6ookAA==/colls/6ookAIWw2xY=/docs/6ookAIWw2xZhAAAAAAAAAA==/,"""0000cb1a-0000-0a00-0000-680faba50000""",attachments/,1745857445
34f1f716-a11a-4e90-859b-08a19d91e324,34f1f716-a11a-4e90-859b-08a19d91e324,default_user/fredericton/1745856466_34f1f716-a11a-4e90-859b-08a19d91e324_Exhibition AM.pdf,Exhibition AM.pdf,Fredericton,application/pdf,default_user,error,2025-04-28T16:08:37Z,2025-04-28T16:40:16Z,,,,,,The truth value of an array with more than one element is ambiguous. Use a.any() or a.all(),20,19,6ookAIWw2xZiAAAAAAAAAA==,dbs/6ookAA==/colls/6ookAIWw2xY=/docs/6ookAIWw2xZiAAAAAAAAAA==/,"""0000f21a-0000-0a00-0000-680faf710000""",attachments/,1745858417
8ca299d5-c264-40a2-a09e-ce788f21f769,8ca299d5-c264-40a2-a09e-ce788f21f769,default_user/fredericton/1745856518_8ca299d5-c264-40a2-a09e-ce788f21f769_Harbour Christian.pdf,Harbour Christian.pdf,Fredericton,application/pdf,default_user,error,2025-04-28T16:08:44Z,2025-04-28T16:41:43Z,,,,,,The truth value of an array with more than one element is ambiguous. Use a.any() or a.all(),9,10,6ookAIWw2xZjAAAAAAAAAA==,dbs/6ookAA==/colls/6ookAIWw2xY=/docs/6ookAIWw2xZjAAAAAAAAAA==/,"""0000f71a-0000-0a00-0000-680fafc80000""",attachments/,1745858504
8ea52b40-8d10-4d8d-8858-aed106df05ac,8ea52b40-8d10-4d8d-8858-aed106df05ac,default_user/fredericton/1745856524_8ea52b40-8d10-4d8d-8858-aed106df05ac_Hope AM.pdf,Hope AM.pdf,Fredericton,application/pdf,default_user,error,2025-04-28T16:08:47Z,2025-04-28T16:43:08Z,,,,,,The truth value of an array with more than one element is ambiguous. Use a.any() or a.all(),8,8,6ookAIWw2xZkAAAAAAAAAA==,dbs/6ookAA==/colls/6ookAIWw2xY=/docs/6ookAIWw2xZkAAAAAAAAAA==/,"""0000fc1a-0000-0a00-0000-680fb01c0000""",attachments/,1745858588
886d8d64-946e-40b2-8cd6-9e702f7c0654,886d8d64-946e-40b2-8cd6-9e702f7c0654,default_user/fredericton/1745856528_886d8d64-946e-40b2-8cd6-9e702f7c0654_Loch Lomond Villa.pdf,Loch Lomond Villa.pdf,Fredericton,application/pdf,default_user,error,2025-04-28T16:08:51Z,2025-04-28T16:44:08Z,,,,,,The truth value of an array with more than one element is ambiguous. Use a.any() or a.all(),6,6,6ookAIWw2xZlAAAAAAAAAA==,dbs/6ookAA==/colls/6ookAIWw2xY=/docs/6ookAIWw2xZlAAAAAAAAAA==/,"""0000011b-0000-0a00-0000-680fb0580000""",attachments/,1745858648
2166844e-de61-4ad2-89eb-23e3d60e486e,2166844e-de61-4ad2-89eb-23e3d60e486e,default_user/fredericton/1745856700_2166844e-de61-4ad2-89eb-23e3d60e486e_Stella Maris Church.pdf,Stella Maris Church.pdf,Fredericton,application/pdf,default_user,error,2025-04-28T16:11:43Z,2025-04-28T16:45:34Z,,,,,,The truth value of an array with more than one element is ambiguous. Use a.any() or a.all(),10,12,6ookAIWw2xZmAAAAAAAAAA==,dbs/6ookAA==/colls/6ookAIWw2xY=/docs/6ookAIWw2xZmAAAAAAAAAA==/,"""0000061b-0000-0a00-0000-680fb0ae0000""",attachments/,1745858734
75ad8275-b83c-45ce-94e6-510d869dd2aa,75ad8275-b83c-45ce-94e6-510d869dd2aa,default_user/saint-john/1745856940_75ad8275-b83c-45ce-94e6-510d869dd2aa_Binder-meenans.pdf,Binder-meenans.pdf,Saint John,application/pdf,default_user,error,2025-04-28T16:18:17Z,2025-04-28T16:46:54Z,,,,,,"(InvalidRequest) Invalid request.
Code: InvalidRequest
Message: Invalid request.
Inner error: {
    ""code"": ""InvalidContentDimensions"",
    ""message"": ""The input image dimensions are out of range. Refer to documentation for supported image dimensions.""
}",0,0,6ookAIWw2xZnAAAAAAAAAA==,dbs/6ookAA==/colls/6ookAIWw2xY=/docs/6ookAIWw2xZnAAAAAAAAAA==/,"""0000091b-0000-0a00-0000-680fb0ff0000""",attachments/,1745858815
0fb82ead-bbbb-4120-8ecc-b4969c4212f7,0fb82ead-bbbb-4120-8ecc-b4969c4212f7,default_user/saint-john/1745857097_0fb82ead-bbbb-4120-8ecc-b4969c4212f7_Binder-qplex.pdf,Binder-qplex.pdf,Saint John,application/pdf,default_user,error,2025-04-28T16:19:13Z,2025-04-28T16:48:06Z,,,,,,"(InvalidRequest) Invalid request.
Code: InvalidRequest
Message: Invalid request.
Inner error: {
    ""code"": ""InvalidContentDimensions"",
    ""message"": ""The input image dimensions are out of range. Refer to documentation for supported image dimensions.""
}",0,0,6ookAIWw2xZoAAAAAAAAAA==,dbs/6ookAA==/colls/6ookAIWw2xY=/docs/6ookAIWw2xZoAAAAAAAAAA==/,"""00000c1b-0000-0a00-0000-680fb1470000""",attachments/,1745858887
cfb1404a-9fd0-42c5-89de-48ab6283d632,cfb1404a-9fd0-42c5-89de-48ab6283d632,"default_user/saint-john/1745857153_cfb1404a-9fd0-42c5-89de-48ab6283d632_Doc Apr 28, 2025, 10_28.pdf","Doc Apr 28, 2025, 10_28.pdf",Saint John,application/pdf,default_user,error,2025-04-28T16:19:19Z,2025-04-28T16:49:31Z,,,,,,The truth value of an array with more than one element is ambiguous. Use a.any() or a.all(),8,6,6ookAIWw2xZpAAAAAAAAAA==,dbs/6ookAA==/colls/6ookAIWw2xY=/docs/6ookAIWw2xZpAAAAAAAAAA==/,"""0000121b-0000-0a00-0000-680fb19c0000""",attachments/,1745858972
cfcd410e-9b45-431c-bf71-b9c93139ac44,cfcd410e-9b45-431c-bf71-b9c93139ac44,"default_user/saint-john/1745857159_cfcd410e-9b45-431c-bf71-b9c93139ac44_Doc Apr 28, 2025, 10_54.pdf","Doc Apr 28, 2025, 10_54.pdf",Saint John,application/pdf,default_user,error,2025-04-28T16:19:31Z,2025-04-28T16:51:34Z,,,,,,The truth value of an array with more than one element is ambiguous. Use a.any() or a.all(),14,10,6ookAIWw2xZqAAAAAAAAAA==,dbs/6ookAA==/colls/6ookAIWw2xY=/docs/6ookAIWw2xZqAAAAAAAAAA==/,"""0000171b-0000-0a00-0000-680fb2160000""",attachments/,1745859094
02c783f8-97ce-4d65-95ea-04d9a2ff4e1d,02c783f8-97ce-4d65-95ea-04d9a2ff4e1d,"default_user/saint-john/1745857171_02c783f8-97ce-4d65-95ea-04d9a2ff4e1d_Doc Apr 28, 2025, 11_16.pdf","Doc Apr 28, 2025, 11_16.pdf",Saint John,application/pdf,default_user,processing,2025-04-28T16:19:34Z,2025-04-28T16:51:35Z,,,,,,,0,0,6ookAIWw2xZrAAAAAAAAAA==,dbs/6ookAA==/colls/6ookAIWw2xY=/docs/6ookAIWw2xZrAAAAAAAAAA==/,"""0000181b-0000-0a00-0000-680fb2170000""",attachments/,1745859095
7aefce22-a7b1-4665-8aac-9d6c328f71f0,7aefce22-a7b1-4665-8aac-9d6c328f71f0,"default_user/saint-john/1745857175_7aefce22-a7b1-4665-8aac-9d6c328f71f0_Doc Apr 28, 2025, 11_30.pdf","Doc Apr 28, 2025, 11_30.pdf",Saint John,application/pdf,default_user,queued,2025-04-28T16:19:40Z,2025-04-28T16:19:40Z,,,,,,,0,0,6ookAIWw2xZsAAAAAAAAAA==,dbs/6ookAA==/colls/6ookAIWw2xY=/docs/6ookAIWw2xZsAAAAAAAAAA==/,"""0000b31a-0000-0a00-0000-680faa9c0000""",attachments/,1745857180
5a189a13-12ff-48f5-bc7e-0aa04281c5c9,5a189a13-12ff-48f5-bc7e-0aa04281c5c9,"default_user/saint-john/1745857180_5a189a13-12ff-48f5-bc7e-0aa04281c5c9_Doc Apr 28, 2025, 11_42.pdf","Doc Apr 28, 2025, 11_42.pdf",Saint John,application/pdf,default_user,queued,2025-04-28T16:19:48Z,2025-04-28T16:19:48Z,,,,,,,0,0,6ookAIWw2xZtAAAAAAAAAA==,dbs/6ookAA==/colls/6ookAIWw2xY=/docs/6ookAIWw2xZtAAAAAAAAAA==/,"""0000b41a-0000-0a00-0000-680faaa40000""",attachments/,1745857188
f3f466fc-d15c-4e8d-8f68-72a23f31cf83,f3f466fc-d15c-4e8d-8f68-72a23f31cf83,"default_user/saint-john/1745857188_f3f466fc-d15c-4e8d-8f68-72a23f31cf83_Doc Apr 28, 2025, 11_51.pdf","Doc Apr 28, 2025, 11_51.pdf",Saint John,application/pdf,default_user,queued,2025-04-28T16:19:56Z,2025-04-28T16:19:56Z,,,,,,,0,0,6ookAIWw2xZuAAAAAAAAAA==,dbs/6ookAA==/colls/6ookAIWw2xY=/docs/6ookAIWw2xZuAAAAAAAAAA==/,"""0000b51a-0000-0a00-0000-680faaad0000""",attachments/,1745857197
b228632c-ca70-4a72-83f4-2e5534eac545,b228632c-ca70-4a72-83f4-2e5534eac545,"default_user/saint-john/1745857197_b228632c-ca70-4a72-83f4-2e5534eac545_Doc Apr 28, 2025, 11_54.pdf","Doc Apr 28, 2025, 11_54.pdf",Saint John,application/pdf,default_user,queued,2025-04-28T16:20:09Z,2025-04-28T16:20:09Z,,,,,,,0,0,6ookAIWw2xZvAAAAAAAAAA==,dbs/6ookAA==/colls/6ookAIWw2xY=/docs/6ookAIWw2xZvAAAAAAAAAA==/,"""0000b61a-0000-0a00-0000-680faab90000""",attachments/,1745857209
fe641dc1-d4fb-4a49-8312-b8e9f421c4c4,fe641dc1-d4fb-4a49-8312-b8e9f421c4c4,default_user/saint-john/1745857209_fe641dc1-d4fb-4a49-8312-b8e9f421c4c4_Exhibition AM.pdf,Exhibition AM.pdf,Saint John,application/pdf,default_user,queued,2025-04-28T16:20:19Z,2025-04-28T16:20:19Z,,,,,,,0,0,6ookAIWw2xZwAAAAAAAAAA==,dbs/6ookAA==/colls/6ookAIWw2xY=/docs/6ookAIWw2xZwAAAAAAAAAA==/,"""0000ba1a-0000-0a00-0000-680faac40000""",attachments/,1745857220
ef0eda88-5251-46a5-bafe-99021cbe98a6,ef0eda88-5251-46a5-bafe-99021cbe98a6,default_user/saint-john/1745857220_ef0eda88-5251-46a5-bafe-99021cbe98a6_Harbour Christian.pdf,Harbour Christian.pdf,Saint John,application/pdf,default_user,queued,2025-04-28T16:20:23Z,2025-04-28T16:20:23Z,,,,,,,0,0,6ookAIWw2xZxAAAAAAAAAA==,dbs/6ookAA==/colls/6ookAIWw2xY=/docs/6ookAIWw2xZxAAAAAAAAAA==/,"""0000bc1a-0000-0a00-0000-680faac70000""",attachments/,1745857223
2d0b0dd8-02cf-444b-995c-d262e3dd948e,2d0b0dd8-02cf-444b-995c-d262e3dd948e,default_user/saint-john/1745857223_2d0b0dd8-02cf-444b-995c-d262e3dd948e_Hope AM.pdf,Hope AM.pdf,Saint John,application/pdf,default_user,queued,2025-04-28T16:20:26Z,2025-04-28T16:20:26Z,,,,,,,0,0,6ookAIWw2xZyAAAAAAAAAA==,dbs/6ookAA==/colls/6ookAIWw2xY=/docs/6ookAIWw2xZyAAAAAAAAAA==/,"""0000bd1a-0000-0a00-0000-680faacb0000""",attachments/,1745857227
fc45faa0-4755-46ad-8cec-6ebc4d0e0884,fc45faa0-4755-46ad-8cec-6ebc4d0e0884,default_user/saint-john/1745857226_fc45faa0-4755-46ad-8cec-6ebc4d0e0884_Loch Lomond Villa.pdf,Loch Lomond Villa.pdf,Saint John,application/pdf,default_user,queued,2025-04-28T16:20:28Z,2025-04-28T16:20:28Z,,,,,,,0,0,6ookAIWw2xZzAAAAAAAAAA==,dbs/6ookAA==/colls/6ookAIWw2xY=/docs/6ookAIWw2xZzAAAAAAAAAA==/,"""0000be1a-0000-0a00-0000-680faacc0000""",attachments/,1745857228
3e254ab0-ab36-40e6-9a8a-590745d97a2f,3e254ab0-ab36-40e6-9a8a-590745d97a2f,default_user/saint-john/1745857398_3e254ab0-ab36-40e6-9a8a-590745d97a2f_Stella Maris Church.pdf,Stella Maris Church.pdf,Saint John,application/pdf,default_user,queued,2025-04-28T16:23:27Z,2025-04-28T16:23:27Z,,,,,,,0,0,6ookAIWw2xZ0AAAAAAAAAA==,dbs/6ookAA==/colls/6ookAIWw2xY=/docs/6ookAIWw2xZ0AAAAAAAAAA==/,"""0000c61a-0000-0a00-0000-680fab7f0000""",attachments/,1745857407
fd027cf8-d8d4-4b21-b739-297c70e33253,fd027cf8-d8d4-4b21-b739-297c70e33253,default_user/1745831401_a4ea712c-4b45-40ad-9e04-886ad963e5e0_35119-Day 7 - Batch 4.pdf,1745831401_a4ea712c-4b45-40ad-9e04-886ad963e5e0_35119-Day 7 - Batch 4.pdf,default_user,application/pdf,default_user,queued,2025-04-28T16:31:52Z,2025-04-28T16:31:52Z,,,,,,,0,0,6ookAIWw2xZ1AAAAAAAAAA==,dbs/6ookAA==/colls/6ookAIWw2xY=/docs/6ookAIWw2xZ1AAAAAAAAAA==/,"""0000d31a-0000-0a00-0000-680fad780000""",attachments/,1745857912
62c0a9a5-0b2c-4833-b786-fcb75ed074ec,62c0a9a5-0b2c-4833-b786-fcb75ed074ec,default_user/1745831480_edde5ec6-7041-4e76-988d-3eaa99b6f976_35119-Day 7 - Batch 4.pdf,1745831480_edde5ec6-7041-4e76-988d-3eaa99b6f976_35119-Day 7 - Batch 4.pdf,default_user,application/pdf,default_user,queued,2025-04-28T16:31:53Z,2025-04-28T16:31:53Z,,,,,,,0,0,6ookAIWw2xZ2AAAAAAAAAA==,dbs/6ookAA==/colls/6ookAIWw2xY=/docs/6ookAIWw2xZ2AAAAAAAAAA==/,"""0000d41a-0000-0a00-0000-680fad7a0000""",attachments/,1745857914
e5ad188c-3b3c-4523-8475-2f14adbee345,e5ad188c-3b3c-4523-8475-2f14adbee345,default_user/1745831683_ae62e53a-da7c-4b59-9160-7990005cb953_35119-Day 7 - Batch 4.pdf,1745831683_ae62e53a-da7c-4b59-9160-7990005cb953_35119-Day 7 - Batch 4.pdf,default_user,application/pdf,default_user,queued,2025-04-28T16:31:55Z,2025-04-28T16:31:55Z,,,,,,,0,0,6ookAIWw2xZ3AAAAAAAAAA==,dbs/6ookAA==/colls/6ookAIWw2xY=/docs/6ookAIWw2xZ3AAAAAAAAAA==/,"""0000d51a-0000-0a00-0000-680fad7b0000""",attachments/,1745857915
2610533c-bfa3-4bf6-8270-f1e9dcb5ee8e,2610533c-bfa3-4bf6-8270-f1e9dcb5ee8e,default_user/1745834660_a8059dab-6aa3-4110-897c-558145e58332_35119-Day 7 - Batch 4.pdf,1745834660_a8059dab-6aa3-4110-897c-558145e58332_35119-Day 7 - Batch 4.pdf,default_user,application/pdf,default_user,queued,2025-04-28T16:31:56Z,2025-04-28T16:31:56Z,,,,,,,0,0,6ookAIWw2xZ4AAAAAAAAAA==,dbs/6ookAA==/colls/6ookAIWw2xY=/docs/6ookAIWw2xZ4AAAAAAAAAA==/,"""0000d61a-0000-0a00-0000-680fad7d0000""",attachments/,1745857917
0e073218-9cc9-4d6f-b5ed-38f196ed2cf0,0e073218-9cc9-4d6f-b5ed-38f196ed2cf0,default_user/1745835111_458ca4a2-5785-4e30-8dc4-ba17a17eb504_35119-Day 7 - Batch 4.pdf,1745835111_458ca4a2-5785-4e30-8dc4-ba17a17eb504_35119-Day 7 - Batch 4.pdf,default_user,application/pdf,default_user,queued,2025-04-28T16:31:57Z,2025-04-28T16:31:57Z,,,,,,,0,0,6ookAIWw2xZ5AAAAAAAAAA==,dbs/6ookAA==/colls/6ookAIWw2xY=/docs/6ookAIWw2xZ5AAAAAAAAAA==/,"""0000d71a-0000-0a00-0000-680fad7e0000""",attachments/,1745857918
aeb74bd7-7d1f-46aa-881c-52c6ea904485,aeb74bd7-7d1f-46aa-881c-52c6ea904485,default_user/1745835723_a209ad95-b384-412d-84c2-2efc7904f4c2_35119-Day 7 - Batch 4.pdf,1745835723_a209ad95-b384-412d-84c2-2efc7904f4c2_35119-Day 7 - Batch 4.pdf,default_user,application/pdf,default_user,queued,2025-04-28T16:31:59Z,2025-04-28T16:31:59Z,,,,,,,0,0,6ookAIWw2xZ6AAAAAAAAAA==,dbs/6ookAA==/colls/6ookAIWw2xY=/docs/6ookAIWw2xZ6AAAAAAAAAA==/,"""0000d81a-0000-0a00-0000-680fad800000""",attachments/,1745857920
950f94ed-c25e-4b6e-afb5-db02190542ae,950f94ed-c25e-4b6e-afb5-db02190542ae,default_user/1745835875_2a422250-87b0-4400-87d4-bde84ac1b8ab_35119-Day 7 - Batch 4.pdf,1745835875_2a422250-87b0-4400-87d4-bde84ac1b8ab_35119-Day 7 - Batch 4.pdf,default_user,application/pdf,default_user,queued,2025-04-28T16:32:00Z,2025-04-28T16:32:00Z,,,,,,,0,0,6ookAIWw2xZ7AAAAAAAAAA==,dbs/6ookAA==/colls/6ookAIWw2xY=/docs/6ookAIWw2xZ7AAAAAAAAAA==/,"""0000d91a-0000-0a00-0000-680fad810000""",attachments/,1745857921
246db47c-ac86-435d-801b-d4954b2e8f10,246db47c-ac86-435d-801b-d4954b2e8f10,default_user/1745835989_4c8dcd2c-4c56-4a4d-aa18-5e4b18984028_35119-Day 7 - Batch 4.pdf,1745835989_4c8dcd2c-4c56-4a4d-aa18-5e4b18984028_35119-Day 7 - Batch 4.pdf,default_user,application/pdf,default_user,queued,2025-04-28T16:32:02Z,2025-04-28T16:32:02Z,,,,,,,0,0,6ookAIWw2xZ8AAAAAAAAAA==,dbs/6ookAA==/colls/6ookAIWw2xY=/docs/6ookAIWw2xZ8AAAAAAAAAA==/,"""0000db1a-0000-0a00-0000-680fad830000""",attachments/,1745857923
96029942-0198-432f-91d7-0d7f84b928a5,96029942-0198-432f-91d7-0d7f84b928a5,default_user/1745836432_985b90db-6616-4d3c-aed7-6c306991625e_35119-Day 7 - Batch 4.pdf,1745836432_985b90db-6616-4d3c-aed7-6c306991625e_35119-Day 7 - Batch 4.pdf,default_user,application/pdf,default_user,queued,2025-04-28T16:32:03Z,2025-04-28T16:32:03Z,,,,,,,0,0,6ookAIWw2xZ9AAAAAAAAAA==,dbs/6ookAA==/colls/6ookAIWw2xY=/docs/6ookAIWw2xZ9AAAAAAAAAA==/,"""0000dc1a-0000-0a00-0000-680fad840000""",attachments/,1745857924
e104317f-b697-4fe1-b58a-6abe2cd6d517,e104317f-b697-4fe1-b58a-6abe2cd6d517,default_user/1745841051_563d4203-d626-4626-9f14-83dba55738ef_35119-Day 7 - Batch 4.pdf,1745841051_563d4203-d626-4626-9f14-83dba55738ef_35119-Day 7 - Batch 4.pdf,default_user,application/pdf,default_user,queued,2025-04-28T16:32:05Z,2025-04-28T16:32:05Z,,,,,,,0,0,6ookAIWw2xZ+AAAAAAAAAA==,dbs/6ookAA==/colls/6ookAIWw2xY=/docs/6ookAIWw2xZ+AAAAAAAAAA==/,"""0000dd1a-0000-0a00-0000-680fad850000""",attachments/,1745857925
8902bfbd-1a40-4862-9fde-ee5ebea45947,8902bfbd-1a40-4862-9fde-ee5ebea45947,default_user/1745851212_0661a709-b78f-403b-90b6-cb059e841374_Sequence Number Sheet - Election Day.pdf,1745851212_0661a709-b78f-403b-90b6-cb059e841374_Sequence Number Sheet - Election Day.pdf,default_user,application/pdf,default_user,queued,2025-04-28T16:35:59Z,2025-04-28T16:35:59Z,,,,,,,0,0,6ookAIWw2xZ-AAAAAAAAAA==,dbs/6ookAA==/colls/6ookAIWw2xY=/docs/6ookAIWw2xZ-AAAAAAAAAA==/,"""0000e11a-0000-0a00-0000-680fae700000""",attachments/,1745858160
b3f96951-4800-4625-9c97-0818ebc5bb0c,b3f96951-4800-4625-9c97-0818ebc5bb0c,default_user/1745851582_c04f39cb-5f63-4929-b1e5-1074fe8f0572_communitychurch930.pdf,1745851582_c04f39cb-5f63-4929-b1e5-1074fe8f0572_communitychurch930.pdf,default_user,application/pdf,default_user,queued,2025-04-28T16:36:01Z,2025-04-28T16:36:01Z,,,,,,,0,0,6ookAIWw2xaAAAAAAAAAAA==,dbs/6ookAA==/colls/6ookAIWw2xY=/docs/6ookAIWw2xaAAAAAAAAAAA==/,"""0000e21a-0000-0a00-0000-680fae710000""",attachments/,1745858161
e3232a7d-0506-4d8a-8430-5919c258b112,e3232a7d-0506-4d8a-8430-5919c258b112,default_user/1745852803_07573d00-c8f1-4ef0-91d1-6fcc0353602a_120.pdf,1745852803_07573d00-c8f1-4ef0-91d1-6fcc0353602a_120.pdf,default_user,application/pdf,default_user,queued,2025-04-28T16:36:02Z,2025-04-28T16:36:02Z,,,,,,,0,0,6ookAIWw2xaBAAAAAAAAAA==,dbs/6ookAA==/colls/6ookAIWw2xY=/docs/6ookAIWw2xaBAAAAAAAAAA==/,"""0000e31a-0000-0a00-0000-680fae730000""",attachments/,1745858163
39f26cbe-5eec-413e-9219-bfbdfbc9db0b,39f26cbe-5eec-413e-9219-bfbdfbc9db0b,default_user/1745852812_b1c3e227-49b7-49a3-91ca-9f054775f1f2_121.pdf,1745852812_b1c3e227-49b7-49a3-91ca-9f054775f1f2_121.pdf,default_user,application/pdf,default_user,queued,2025-04-28T16:36:04Z,2025-04-28T16:36:04Z,,,,,,,0,0,6ookAIWw2xaCAAAAAAAAAA==,dbs/6ookAA==/colls/6ookAIWw2xY=/docs/6ookAIWw2xaCAAAAAAAAAA==/,"""0000e41a-0000-0a00-0000-680fae740000""",attachments/,1745858164
3b6827ba-6fef-49e0-ba20-63e855ef02f3,3b6827ba-6fef-49e0-ba20-63e855ef02f3,default_user/1745852823_d285b231-9ace-419e-9414-5f283acf5bda_122.pdf,1745852823_d285b231-9ace-419e-9414-5f283acf5bda_122.pdf,default_user,application/pdf,default_user,queued,2025-04-28T16:36:05Z,2025-04-28T16:36:05Z,,,,,,,0,0,6ookAIWw2xaDAAAAAAAAAA==,dbs/6ookAA==/colls/6ookAIWw2xY=/docs/6ookAIWw2xaDAAAAAAAAAA==/,"""0000e51a-0000-0a00-0000-680fae760000""",attachments/,1745858166
9dbf9aae-1c88-4646-b518-b3ad046cad18,9dbf9aae-1c88-4646-b518-b3ad046cad18,default_user/fredericton/1745852950_c02b74a6-535d-4fef-9ccf-2b87e73408aa_120.pdf,1745852950_c02b74a6-535d-4fef-9ccf-2b87e73408aa_120.pdf,default_user,application/pdf,default_user,queued,2025-04-28T16:36:07Z,2025-04-28T16:36:07Z,,,,,,,0,0,6ookAIWw2xaEAAAAAAAAAA==,dbs/6ookAA==/colls/6ookAIWw2xY=/docs/6ookAIWw2xaEAAAAAAAAAA==/,"""0000e61a-0000-0a00-0000-680fae770000""",attachments/,1745858167
c3ca0b09-a853-497f-acce-b4e56f53f20e,c3ca0b09-a853-497f-acce-b4e56f53f20e,default_user/fredericton/1745852953_0c10d122-0bcf-4218-af13-9fbadf1accc8_121.pdf,1745852953_0c10d122-0bcf-4218-af13-9fbadf1accc8_121.pdf,default_user,application/pdf,default_user,queued,2025-04-28T16:36:08Z,2025-04-28T16:36:08Z,,,,,,,0,0,6ookAIWw2xaFAAAAAAAAAA==,dbs/6ookAA==/colls/6ookAIWw2xY=/docs/6ookAIWw2xaFAAAAAAAAAA==/,"""0000e71a-0000-0a00-0000-680fae780000""",attachments/,1745858168
aef72af2-8e22-45dd-9c5b-a64202721eb1,aef72af2-8e22-45dd-9c5b-a64202721eb1,default_user/fredericton/1745852958_159f0ed6-17fa-47c0-8082-7ae2a408ca79_122.pdf,1745852958_159f0ed6-17fa-47c0-8082-7ae2a408ca79_122.pdf,default_user,application/pdf,default_user,queued,2025-04-28T16:36:09Z,2025-04-28T16:36:09Z,,,,,,,0,0,6ookAIWw2xaGAAAAAAAAAA==,dbs/6ookAA==/colls/6ookAIWw2xY=/docs/6ookAIWw2xaGAAAAAAAAAA==/,"""0000e81a-0000-0a00-0000-680fae7a0000""",attachments/,1745858170
28a2c5dd-2e9a-4c0f-8d2b-8ff7e61b2163,28a2c5dd-2e9a-4c0f-8d2b-8ff7e61b2163,default_user/fredericton/1745852962_c0749f58-78ac-4524-8c99-75ae7f4e1ae7_123.pdf,1745852962_c0749f58-78ac-4524-8c99-75ae7f4e1ae7_123.pdf,default_user,application/pdf,default_user,queued,2025-04-28T16:36:11Z,2025-04-28T16:36:11Z,,,,,,,0,0,6ookAIWw2xaHAAAAAAAAAA==,dbs/6ookAA==/colls/6ookAIWw2xY=/docs/6ookAIWw2xaHAAAAAAAAAA==/,"""0000e91a-0000-0a00-0000-680fae7b0000""",attachments/,1745858171
d6e18827-d1dd-4158-b49f-3fdbf4f6e1fb,d6e18827-d1dd-4158-b49f-3fdbf4f6e1fb,default_user/fredericton/1745852966_865e832c-3a80-42ed-bf52-b90c7790e4c9_129.pdf,1745852966_865e832c-3a80-42ed-bf52-b90c7790e4c9_129.pdf,default_user,application/pdf,default_user,queued,2025-04-28T16:36:12Z,2025-04-28T16:36:12Z,,,,,,,0,0,6ookAIWw2xaIAAAAAAAAAA==,dbs/6ookAA==/colls/6ookAIWw2xY=/docs/6ookAIWw2xaIAAAAAAAAAA==/,"""0000ea1a-0000-0a00-0000-680fae7d0000""",attachments/,1745858173
