FULL_PD,SEQUENCE_NUMBER,FULL_PD_cleaned,SEQUENCE_NUMBER_cleaned,ED_CODE,id,documentId,pageNumber,tableIndex,_rid,_self,_etag,_attachments,_ts,riding
133,216,133,216,35023,4c8dcd2c-4c56-4a4d-aa18-5e4b18984028_page1_table1_pair0,4c8dcd2c-4c56-4a4d-aa18-5e4b18984028,1,1,6ookAOo23lIBAAAAAAAAAA==,dbs/6ookAA==/colls/6ookAOo23lI=/docs/6ookAOo23lIBAAAAAAAAAA==/,"""020085a6-0000-0a00-0000-680f58210000""",attachments/,1745836065,
139,252,139,252,35023,4c8dcd2c-4c56-4a4d-aa18-5e4b18984028_page1_table1_pair1,4c8dcd2c-4c56-4a4d-aa18-5e4b18984028,1,1,6ookAOo23lICAAAAAAAAAA==,dbs/6ookAA==/colls/6ookAOo23lI=/docs/6ookAOo23lICAAAAAAAAAA==/,"""020086a6-0000-0a00-0000-680f58210000""",attachments/,1745836065,
139,253,139,253,35023,4c8dcd2c-4c56-4a4d-aa18-5e4b18984028_page1_table1_pair2,4c8dcd2c-4c56-4a4d-aa18-5e4b18984028,1,1,6ookAOo23lIDAAAAAAAAAA==,dbs/6ookAA==/colls/6ookAOo23lI=/docs/6ookAOo23lIDAAAAAAAAAA==/,"""020087a6-0000-0a00-0000-680f58210000""",attachments/,1745836065,
177,270,177,270,35023,4c8dcd2c-4c56-4a4d-aa18-5e4b18984028_page1_table1_pair3,4c8dcd2c-4c56-4a4d-aa18-5e4b18984028,1,1,6ookAOo23lIEAAAAAAAAAA==,dbs/6ookAA==/colls/6ookAOo23lI=/docs/6ookAOo23lIEAAAAAAAAAA==/,"""020088a6-0000-0a00-0000-680f58210000""",attachments/,1745836065,
177,269,177,269,35023,4c8dcd2c-4c56-4a4d-aa18-5e4b18984028_page1_table1_pair4,4c8dcd2c-4c56-4a4d-aa18-5e4b18984028,1,1,6ookAOo23lIFAAAAAAAAAA==,dbs/6ookAA==/colls/6ookAOo23lI=/docs/6ookAOo23lIFAAAAAAAAAA==/,"""020089a6-0000-0a00-0000-680f58220000""",attachments/,1745836066,
148,108,148,108,35023,4c8dcd2c-4c56-4a4d-aa18-5e4b18984028_page1_table1_pair5,4c8dcd2c-4c56-4a4d-aa18-5e4b18984028,1,1,6ookAOo23lIGAAAAAAAAAA==,dbs/6ookAA==/colls/6ookAOo23lI=/docs/6ookAOo23lIGAAAAAAAAAA==/,"""02008ba6-0000-0a00-0000-680f58220000""",attachments/,1745836066,
138,276,138,276,35023,4c8dcd2c-4c56-4a4d-aa18-5e4b18984028_page1_table1_pair6,4c8dcd2c-4c56-4a4d-aa18-5e4b18984028,1,1,6ookAOo23lIHAAAAAAAAAA==,dbs/6ookAA==/colls/6ookAOo23lI=/docs/6ookAOo23lIHAAAAAAAAAA==/,"""02008da6-0000-0a00-0000-680f58220000""",attachments/,1745836066,
134,253,134,253,35023,4c8dcd2c-4c56-4a4d-aa18-5e4b18984028_page1_table1_pair7,4c8dcd2c-4c56-4a4d-aa18-5e4b18984028,1,1,6ookAOo23lIIAAAAAAAAAA==,dbs/6ookAA==/colls/6ookAOo23lI=/docs/6ookAOo23lIIAAAAAAAAAA==/,"""02008ea6-0000-0a00-0000-680f58220000""",attachments/,1745836066,
134,254,134,254,35023,4c8dcd2c-4c56-4a4d-aa18-5e4b18984028_page1_table1_pair8,4c8dcd2c-4c56-4a4d-aa18-5e4b18984028,1,1,6ookAOo23lIJAAAAAAAAAA==,dbs/6ookAA==/colls/6ookAOo23lI=/docs/6ookAOo23lIJAAAAAAAAAA==/,"""02008fa6-0000-0a00-0000-680f58220000""",attachments/,1745836066,
132,347,132,347,35023,4c8dcd2c-4c56-4a4d-aa18-5e4b18984028_page1_table1_pair9,4c8dcd2c-4c56-4a4d-aa18-5e4b18984028,1,1,6ookAOo23lIKAAAAAAAAAA==,dbs/6ookAA==/colls/6ookAOo23lI=/docs/6ookAOo23lIKAAAAAAAAAA==/,"""020090a6-0000-0a00-0000-680f58220000""",attachments/,1745836066,
148,486,148,486,35023,4c8dcd2c-4c56-4a4d-aa18-5e4b18984028_page1_table1_pair10,4c8dcd2c-4c56-4a4d-aa18-5e4b18984028,1,1,6ookAOo23lILAAAAAAAAAA==,dbs/6ookAA==/colls/6ookAOo23lI=/docs/6ookAOo23lILAAAAAAAAAA==/,"""020091a6-0000-0a00-0000-680f58220000""",attachments/,1745836066,
148,408,148,408,35023,4c8dcd2c-4c56-4a4d-aa18-5e4b18984028_page1_table1_pair11,4c8dcd2c-4c56-4a4d-aa18-5e4b18984028,1,1,6ookAOo23lIMAAAAAAAAAA==,dbs/6ookAA==/colls/6ookAOo23lI=/docs/6ookAOo23lIMAAAAAAAAAA==/,"""020092a6-0000-0a00-0000-680f58220000""",attachments/,1745836066,
134,323,134,323,35023,4c8dcd2c-4c56-4a4d-aa18-5e4b18984028_page1_table1_pair12,4c8dcd2c-4c56-4a4d-aa18-5e4b18984028,1,1,6ookAOo23lINAAAAAAAAAA==,dbs/6ookAA==/colls/6ookAOo23lI=/docs/6ookAOo23lINAAAAAAAAAA==/,"""020093a6-0000-0a00-0000-680f58220000""",attachments/,1745836066,
148,407,148,407,35023,4c8dcd2c-4c56-4a4d-aa18-5e4b18984028_page1_table1_pair13,4c8dcd2c-4c56-4a4d-aa18-5e4b18984028,1,1,6ookAOo23lIOAAAAAAAAAA==,dbs/6ookAA==/colls/6ookAOo23lI=/docs/6ookAOo23lIOAAAAAAAAAA==/,"""020095a6-0000-0a00-0000-680f58220000""",attachments/,1745836066,
136,372,136,372,35023,4c8dcd2c-4c56-4a4d-aa18-5e4b18984028_page1_table1_pair14,4c8dcd2c-4c56-4a4d-aa18-5e4b18984028,1,1,6ookAOo23lIPAAAAAAAAAA==,dbs/6ookAA==/colls/6ookAOo23lI=/docs/6ookAOo23lIPAAAAAAAAAA==/,"""020096a6-0000-0a00-0000-680f58220000""",attachments/,1745836066,
132,262,132,262,35023,4c8dcd2c-4c56-4a4d-aa18-5e4b18984028_page1_table1_pair15,4c8dcd2c-4c56-4a4d-aa18-5e4b18984028,1,1,6ookAOo23lIQAAAAAAAAAA==,dbs/6ookAA==/colls/6ookAOo23lI=/docs/6ookAOo23lIQAAAAAAAAAA==/,"""020097a6-0000-0a00-0000-680f58220000""",attachments/,1745836066,
132,270,132,270,35023,4c8dcd2c-4c56-4a4d-aa18-5e4b18984028_page1_table1_pair16,4c8dcd2c-4c56-4a4d-aa18-5e4b18984028,1,1,6ookAOo23lIRAAAAAAAAAA==,dbs/6ookAA==/colls/6ookAOo23lI=/docs/6ookAOo23lIRAAAAAAAAAA==/,"""020098a6-0000-0a00-0000-680f58220000""",attachments/,1745836066,
135,152,135,152,35023,4c8dcd2c-4c56-4a4d-aa18-5e4b18984028_page1_table1_pair17,4c8dcd2c-4c56-4a4d-aa18-5e4b18984028,1,1,6ookAOo23lISAAAAAAAAAA==,dbs/6ookAA==/colls/6ookAOo23lI=/docs/6ookAOo23lISAAAAAAAAAA==/,"""020099a6-0000-0a00-0000-680f58220000""",attachments/,1745836066,
135,151,135,151,35023,4c8dcd2c-4c56-4a4d-aa18-5e4b18984028_page1_table1_pair18,4c8dcd2c-4c56-4a4d-aa18-5e4b18984028,1,1,6ookAOo23lITAAAAAAAAAA==,dbs/6ookAA==/colls/6ookAOo23lI=/docs/6ookAOo23lITAAAAAAAAAA==/,"""02009aa6-0000-0a00-0000-680f58220000""",attachments/,1745836066,
176,29/,176,29,35023,4c8dcd2c-4c56-4a4d-aa18-5e4b18984028_page1_table1_pair19,4c8dcd2c-4c56-4a4d-aa18-5e4b18984028,1,1,6ookAOo23lIUAAAAAAAAAA==,dbs/6ookAA==/colls/6ookAOo23lI=/docs/6ookAOo23lIUAAAAAAAAAA==/,"""02009ba6-0000-0a00-0000-680f58220000""",attachments/,1745836066,
176,293,176,293,35023,4c8dcd2c-4c56-4a4d-aa18-5e4b18984028_page1_table1_pair20,4c8dcd2c-4c56-4a4d-aa18-5e4b18984028,1,1,6ookAOo23lIVAAAAAAAAAA==,dbs/6ookAA==/colls/6ookAOo23lI=/docs/6ookAOo23lIVAAAAAAAAAA==/,"""02009ca6-0000-0a00-0000-680f58220000""",attachments/,1745836066,
136,339,136,339,35023,4c8dcd2c-4c56-4a4d-aa18-5e4b18984028_page1_table1_pair21,4c8dcd2c-4c56-4a4d-aa18-5e4b18984028,1,1,6ookAOo23lIWAAAAAAAAAA==,dbs/6ookAA==/colls/6ookAOo23lI=/docs/6ookAOo23lIWAAAAAAAAAA==/,"""02009da6-0000-0a00-0000-680f58220000""",attachments/,1745836066,
136,5%.,136,5,35023,4c8dcd2c-4c56-4a4d-aa18-5e4b18984028_page2_table1_pair0,4c8dcd2c-4c56-4a4d-aa18-5e4b18984028,2,1,6ookAOo23lIXAAAAAAAAAA==,dbs/6ookAA==/colls/6ookAOo23lI=/docs/6ookAOo23lIXAAAAAAAAAA==/,"""0200a2a6-0000-0a00-0000-680f582f0000""",attachments/,1745836079,
176,386,176,386,35023,4c8dcd2c-4c56-4a4d-aa18-5e4b18984028_page2_table1_pair1,4c8dcd2c-4c56-4a4d-aa18-5e4b18984028,2,1,6ookAOo23lIYAAAAAAAAAA==,dbs/6ookAA==/colls/6ookAOo23lI=/docs/6ookAOo23lIYAAAAAAAAAA==/,"""0200a3a6-0000-0a00-0000-680f582f0000""",attachments/,1745836079,
.136,72.,136,72,35023,4c8dcd2c-4c56-4a4d-aa18-5e4b18984028_page2_table1_pair2,4c8dcd2c-4c56-4a4d-aa18-5e4b18984028,2,1,6ookAOo23lIZAAAAAAAAAA==,dbs/6ookAA==/colls/6ookAOo23lI=/docs/6ookAOo23lIZAAAAAAAAAA==/,"""0200a4a6-0000-0a00-0000-680f582f0000""",attachments/,1745836079,
132,200,132,200,35023,4c8dcd2c-4c56-4a4d-aa18-5e4b18984028_page2_table1_pair3,4c8dcd2c-4c56-4a4d-aa18-5e4b18984028,2,1,6ookAOo23lIaAAAAAAAAAA==,dbs/6ookAA==/colls/6ookAOo23lI=/docs/6ookAOo23lIaAAAAAAAAAA==/,"""0200a5a6-0000-0a00-0000-680f582f0000""",attachments/,1745836079,
140,160,140,160,35023,4c8dcd2c-4c56-4a4d-aa18-5e4b18984028_page2_table1_pair4,4c8dcd2c-4c56-4a4d-aa18-5e4b18984028,2,1,6ookAOo23lIbAAAAAAAAAA==,dbs/6ookAA==/colls/6ookAOo23lI=/docs/6ookAOo23lIbAAAAAAAAAA==/,"""0200a6a6-0000-0a00-0000-680f582f0000""",attachments/,1745836079,
177,SIS,177,,35023,4c8dcd2c-4c56-4a4d-aa18-5e4b18984028_page2_table1_pair5,4c8dcd2c-4c56-4a4d-aa18-5e4b18984028,2,1,6ookAOo23lIcAAAAAAAAAA==,dbs/6ookAA==/colls/6ookAOo23lI=/docs/6ookAOo23lIcAAAAAAAAAA==/,"""0200a7a6-0000-0a00-0000-680f582f0000""",attachments/,1745836079,
177,397,177,397,35023,4c8dcd2c-4c56-4a4d-aa18-5e4b18984028_page2_table1_pair6,4c8dcd2c-4c56-4a4d-aa18-5e4b18984028,2,1,6ookAOo23lIdAAAAAAAAAA==,dbs/6ookAA==/colls/6ookAOo23lI=/docs/6ookAOo23lIdAAAAAAAAAA==/,"""0200a8a6-0000-0a00-0000-680f582f0000""",attachments/,1745836079,
138,253.,138,253,35023,4c8dcd2c-4c56-4a4d-aa18-5e4b18984028_page2_table1_pair7,4c8dcd2c-4c56-4a4d-aa18-5e4b18984028,2,1,6ookAOo23lIeAAAAAAAAAA==,dbs/6ookAA==/colls/6ookAOo23lI=/docs/6ookAOo23lIeAAAAAAAAAA==/,"""0200a9a6-0000-0a00-0000-680f582f0000""",attachments/,1745836079,
173,160,173,160,35023,4c8dcd2c-4c56-4a4d-aa18-5e4b18984028_page2_table1_pair8,4c8dcd2c-4c56-4a4d-aa18-5e4b18984028,2,1,6ookAOo23lIfAAAAAAAAAA==,dbs/6ookAA==/colls/6ookAOo23lI=/docs/6ookAOo23lIfAAAAAAAAAA==/,"""0200aaa6-0000-0a00-0000-680f582f0000""",attachments/,1745836079,
139,69,139,69,35023,4c8dcd2c-4c56-4a4d-aa18-5e4b18984028_page2_table1_pair9,4c8dcd2c-4c56-4a4d-aa18-5e4b18984028,2,1,6ookAOo23lIgAAAAAAAAAA==,dbs/6ookAA==/colls/6ookAOo23lI=/docs/6ookAOo23lIgAAAAAAAAAA==/,"""0200aba6-0000-0a00-0000-680f582f0000""",attachments/,1745836079,
139,70,139,70,35023,4c8dcd2c-4c56-4a4d-aa18-5e4b18984028_page2_table1_pair10,4c8dcd2c-4c56-4a4d-aa18-5e4b18984028,2,1,6ookAOo23lIhAAAAAAAAAA==,dbs/6ookAA==/colls/6ookAOo23lI=/docs/6ookAOo23lIhAAAAAAAAAA==/,"""0200aca6-0000-0a00-0000-680f582f0000""",attachments/,1745836079,
176,"377,",176,377,35023,4c8dcd2c-4c56-4a4d-aa18-5e4b18984028_page2_table1_pair11,4c8dcd2c-4c56-4a4d-aa18-5e4b18984028,2,1,6ookAOo23lIiAAAAAAAAAA==,dbs/6ookAA==/colls/6ookAOo23lI=/docs/6ookAOo23lIiAAAAAAAAAA==/,"""0200ada6-0000-0a00-0000-680f582f0000""",attachments/,1745836079,
148,306,148,306,35023,4c8dcd2c-4c56-4a4d-aa18-5e4b18984028_page2_table1_pair12,4c8dcd2c-4c56-4a4d-aa18-5e4b18984028,2,1,6ookAOo23lIjAAAAAAAAAA==,dbs/6ookAA==/colls/6ookAOo23lI=/docs/6ookAOo23lIjAAAAAAAAAA==/,"""0200aea6-0000-0a00-0000-680f582f0000""",attachments/,1745836079,
148,307,148,307,35023,4c8dcd2c-4c56-4a4d-aa18-5e4b18984028_page2_table1_pair13,4c8dcd2c-4c56-4a4d-aa18-5e4b18984028,2,1,6ookAOo23lIkAAAAAAAAAA==,dbs/6ookAA==/colls/6ookAOo23lI=/docs/6ookAOo23lIkAAAAAAAAAA==/,"""0200afa6-0000-0a00-0000-680f582f0000""",attachments/,1745836079,
1.34,15.,134,15,35023,4c8dcd2c-4c56-4a4d-aa18-5e4b18984028_page2_table1_pair14,4c8dcd2c-4c56-4a4d-aa18-5e4b18984028,2,1,6ookAOo23lIlAAAAAAAAAA==,dbs/6ookAA==/colls/6ookAOo23lI=/docs/6ookAOo23lIlAAAAAAAAAA==/,"""0200b0a6-0000-0a00-0000-680f582f0000""",attachments/,1745836079,
134,14,134,14,35023,4c8dcd2c-4c56-4a4d-aa18-5e4b18984028_page2_table1_pair15,4c8dcd2c-4c56-4a4d-aa18-5e4b18984028,2,1,6ookAOo23lImAAAAAAAAAA==,dbs/6ookAA==/colls/6ookAOo23lI=/docs/6ookAOo23lImAAAAAAAAAA==/,"""0200b1a6-0000-0a00-0000-680f582f0000""",attachments/,1745836079,
148,196,148,196,35023,4c8dcd2c-4c56-4a4d-aa18-5e4b18984028_page2_table1_pair16,4c8dcd2c-4c56-4a4d-aa18-5e4b18984028,2,1,6ookAOo23lInAAAAAAAAAA==,dbs/6ookAA==/colls/6ookAOo23lI=/docs/6ookAOo23lInAAAAAAAAAA==/,"""0200b2a6-0000-0a00-0000-680f582f0000""",attachments/,1745836079,
176,233,176,233,35023,4c8dcd2c-4c56-4a4d-aa18-5e4b18984028_page2_table1_pair17,4c8dcd2c-4c56-4a4d-aa18-5e4b18984028,2,1,6ookAOo23lIoAAAAAAAAAA==,dbs/6ookAA==/colls/6ookAOo23lI=/docs/6ookAOo23lIoAAAAAAAAAA==/,"""0200b3a6-0000-0a00-0000-680f582f0000""",attachments/,1745836079,
176,234,176,234,35023,4c8dcd2c-4c56-4a4d-aa18-5e4b18984028_page2_table1_pair18,4c8dcd2c-4c56-4a4d-aa18-5e4b18984028,2,1,6ookAOo23lIpAAAAAAAAAA==,dbs/6ookAA==/colls/6ookAOo23lI=/docs/6ookAOo23lIpAAAAAAAAAA==/,"""0200b4a6-0000-0a00-0000-680f582f0000""",attachments/,1745836079,
132,23,132,23,35023,4c8dcd2c-4c56-4a4d-aa18-5e4b18984028_page2_table1_pair19,4c8dcd2c-4c56-4a4d-aa18-5e4b18984028,2,1,6ookAOo23lIqAAAAAAAAAA==,dbs/6ookAA==/colls/6ookAOo23lI=/docs/6ookAOo23lIqAAAAAAAAAA==/,"""0200b5a6-0000-0a00-0000-680f58300000""",attachments/,1745836080,
150,389,150,389,35023,4c8dcd2c-4c56-4a4d-aa18-5e4b18984028_page2_table1_pair20,4c8dcd2c-4c56-4a4d-aa18-5e4b18984028,2,1,6ookAOo23lIrAAAAAAAAAA==,dbs/6ookAA==/colls/6ookAOo23lI=/docs/6ookAOo23lIrAAAAAAAAAA==/,"""0200b6a6-0000-0a00-0000-680f58300000""",attachments/,1745836080,
176,341,176,341,35023,4c8dcd2c-4c56-4a4d-aa18-5e4b18984028_page2_table1_pair21,4c8dcd2c-4c56-4a4d-aa18-5e4b18984028,2,1,6ookAOo23lIsAAAAAAAAAA==,dbs/6ookAA==/colls/6ookAOo23lI=/docs/6ookAOo23lIsAAAAAAAAAA==/,"""0200b7a6-0000-0a00-0000-680f58300000""",attachments/,1745836080,
171,29,171,29,35023,4c8dcd2c-4c56-4a4d-aa18-5e4b18984028_page3_table1_pair0,4c8dcd2c-4c56-4a4d-aa18-5e4b18984028,3,1,6ookAOo23lItAAAAAAAAAA==,dbs/6ookAA==/colls/6ookAOo23lI=/docs/6ookAOo23lItAAAAAAAAAA==/,"""0200baa6-0000-0a00-0000-680f583a0000""",attachments/,1745836090,
171,38.,171,38,35023,4c8dcd2c-4c56-4a4d-aa18-5e4b18984028_page3_table1_pair1,4c8dcd2c-4c56-4a4d-aa18-5e4b18984028,3,1,6ookAOo23lIuAAAAAAAAAA==,dbs/6ookAA==/colls/6ookAOo23lI=/docs/6ookAOo23lIuAAAAAAAAAA==/,"""0200bba6-0000-0a00-0000-680f583a0000""",attachments/,1745836090,
15/,202,15,202,35023,4c8dcd2c-4c56-4a4d-aa18-5e4b18984028_page3_table1_pair2,4c8dcd2c-4c56-4a4d-aa18-5e4b18984028,3,1,6ookAOo23lIvAAAAAAAAAA==,dbs/6ookAA==/colls/6ookAOo23lI=/docs/6ookAOo23lIvAAAAAAAAAA==/,"""0200bca6-0000-0a00-0000-680f583a0000""",attachments/,1745836090,
196,255,196,255,35023,4c8dcd2c-4c56-4a4d-aa18-5e4b18984028_page3_table1_pair3,4c8dcd2c-4c56-4a4d-aa18-5e4b18984028,3,1,6ookAOo23lIwAAAAAAAAAA==,dbs/6ookAA==/colls/6ookAOo23lI=/docs/6ookAOo23lIwAAAAAAAAAA==/,"""0200bda6-0000-0a00-0000-680f583a0000""",attachments/,1745836090,
196,256,196,256,35023,4c8dcd2c-4c56-4a4d-aa18-5e4b18984028_page3_table1_pair4,4c8dcd2c-4c56-4a4d-aa18-5e4b18984028,3,1,6ookAOo23lIxAAAAAAAAAA==,dbs/6ookAA==/colls/6ookAOo23lI=/docs/6ookAOo23lIxAAAAAAAAAA==/,"""0200bea6-0000-0a00-0000-680f583a0000""",attachments/,1745836090,
196,254.,196,254,35023,4c8dcd2c-4c56-4a4d-aa18-5e4b18984028_page3_table1_pair5,4c8dcd2c-4c56-4a4d-aa18-5e4b18984028,3,1,6ookAOo23lIyAAAAAAAAAA==,dbs/6ookAA==/colls/6ookAOo23lI=/docs/6ookAOo23lIyAAAAAAAAAA==/,"""0200bfa6-0000-0a00-0000-680f583a0000""",attachments/,1745836090,
182,285,182,285,35023,4c8dcd2c-4c56-4a4d-aa18-5e4b18984028_page3_table1_pair6,4c8dcd2c-4c56-4a4d-aa18-5e4b18984028,3,1,6ookAOo23lIzAAAAAAAAAA==,dbs/6ookAA==/colls/6ookAOo23lI=/docs/6ookAOo23lIzAAAAAAAAAA==/,"""0200c0a6-0000-0a00-0000-680f583a0000""",attachments/,1745836090,
180,356,180,356,35023,4c8dcd2c-4c56-4a4d-aa18-5e4b18984028_page3_table1_pair7,4c8dcd2c-4c56-4a4d-aa18-5e4b18984028,3,1,6ookAOo23lI0AAAAAAAAAA==,dbs/6ookAA==/colls/6ookAOo23lI=/docs/6ookAOo23lI0AAAAAAAAAA==/,"""0200c1a6-0000-0a00-0000-680f583a0000""",attachments/,1745836090,
179,347,179,347,35023,4c8dcd2c-4c56-4a4d-aa18-5e4b18984028_page3_table1_pair8,4c8dcd2c-4c56-4a4d-aa18-5e4b18984028,3,1,6ookAOo23lI1AAAAAAAAAA==,dbs/6ookAA==/colls/6ookAOo23lI=/docs/6ookAOo23lI1AAAAAAAAAA==/,"""0200c2a6-0000-0a00-0000-680f583a0000""",attachments/,1745836090,
179,217,179,217,35023,4c8dcd2c-4c56-4a4d-aa18-5e4b18984028_page3_table1_pair9,4c8dcd2c-4c56-4a4d-aa18-5e4b18984028,3,1,6ookAOo23lI2AAAAAAAAAA==,dbs/6ookAA==/colls/6ookAOo23lI=/docs/6ookAOo23lI2AAAAAAAAAA==/,"""0200c3a6-0000-0a00-0000-680f583a0000""",attachments/,1745836090,
182,268,182,268,35023,4c8dcd2c-4c56-4a4d-aa18-5e4b18984028_page3_table1_pair10,4c8dcd2c-4c56-4a4d-aa18-5e4b18984028,3,1,6ookAOo23lI3AAAAAAAAAA==,dbs/6ookAA==/colls/6ookAOo23lI=/docs/6ookAOo23lI3AAAAAAAAAA==/,"""0200c4a6-0000-0a00-0000-680f583a0000""",attachments/,1745836090,
151,3,151,3,35023,4c8dcd2c-4c56-4a4d-aa18-5e4b18984028_page3_table1_pair11,4c8dcd2c-4c56-4a4d-aa18-5e4b18984028,3,1,6ookAOo23lI4AAAAAAAAAA==,dbs/6ookAA==/colls/6ookAOo23lI=/docs/6ookAOo23lI4AAAAAAAAAA==/,"""0200c5a6-0000-0a00-0000-680f583a0000""",attachments/,1745836090,
172,420,172,420,35023,4c8dcd2c-4c56-4a4d-aa18-5e4b18984028_page3_table1_pair12,4c8dcd2c-4c56-4a4d-aa18-5e4b18984028,3,1,6ookAOo23lI5AAAAAAAAAA==,dbs/6ookAA==/colls/6ookAOo23lI=/docs/6ookAOo23lI5AAAAAAAAAA==/,"""0200c6a6-0000-0a00-0000-680f583a0000""",attachments/,1745836090,
196,106,196,106,35023,4c8dcd2c-4c56-4a4d-aa18-5e4b18984028_page3_table1_pair13,4c8dcd2c-4c56-4a4d-aa18-5e4b18984028,3,1,6ookAOo23lI6AAAAAAAAAA==,dbs/6ookAA==/colls/6ookAOo23lI=/docs/6ookAOo23lI6AAAAAAAAAA==/,"""0200c7a6-0000-0a00-0000-680f583a0000""",attachments/,1745836090,
196,107,196,107,35023,4c8dcd2c-4c56-4a4d-aa18-5e4b18984028_page3_table1_pair14,4c8dcd2c-4c56-4a4d-aa18-5e4b18984028,3,1,6ookAOo23lI7AAAAAAAAAA==,dbs/6ookAA==/colls/6ookAOo23lI=/docs/6ookAOo23lI7AAAAAAAAAA==/,"""0200c8a6-0000-0a00-0000-680f583a0000""",attachments/,1745836090,
196,108,196,108,35023,4c8dcd2c-4c56-4a4d-aa18-5e4b18984028_page3_table1_pair15,4c8dcd2c-4c56-4a4d-aa18-5e4b18984028,3,1,6ookAOo23lI8AAAAAAAAAA==,dbs/6ookAA==/colls/6ookAOo23lI=/docs/6ookAOo23lI8AAAAAAAAAA==/,"""0200c9a6-0000-0a00-0000-680f583a0000""",attachments/,1745836090,
179,386,179,386,35023,4c8dcd2c-4c56-4a4d-aa18-5e4b18984028_page3_table1_pair16,4c8dcd2c-4c56-4a4d-aa18-5e4b18984028,3,1,6ookAOo23lI9AAAAAAAAAA==,dbs/6ookAA==/colls/6ookAOo23lI=/docs/6ookAOo23lI9AAAAAAAAAA==/,"""0200caa6-0000-0a00-0000-680f583a0000""",attachments/,1745836090,
195,101,195,101,35023,4c8dcd2c-4c56-4a4d-aa18-5e4b18984028_page3_table1_pair17,4c8dcd2c-4c56-4a4d-aa18-5e4b18984028,3,1,6ookAOo23lI+AAAAAAAAAA==,dbs/6ookAA==/colls/6ookAOo23lI=/docs/6ookAOo23lI+AAAAAAAAAA==/,"""0200cba6-0000-0a00-0000-680f583a0000""",attachments/,1745836090,
147,360:,147,360,35023,4c8dcd2c-4c56-4a4d-aa18-5e4b18984028_page3_table1_pair18,4c8dcd2c-4c56-4a4d-aa18-5e4b18984028,3,1,6ookAOo23lI-AAAAAAAAAA==,dbs/6ookAA==/colls/6ookAOo23lI=/docs/6ookAOo23lI-AAAAAAAAAA==/,"""0200cca6-0000-0a00-0000-680f583a0000""",attachments/,1745836090,
170,228,170,228,35023,4c8dcd2c-4c56-4a4d-aa18-5e4b18984028_page3_table1_pair19,4c8dcd2c-4c56-4a4d-aa18-5e4b18984028,3,1,6ookAOo23lJAAAAAAAAAAA==,dbs/6ookAA==/colls/6ookAOo23lI=/docs/6ookAOo23lJAAAAAAAAAAA==/,"""0200cda6-0000-0a00-0000-680f583a0000""",attachments/,1745836090,
170,229,170,229,35023,4c8dcd2c-4c56-4a4d-aa18-5e4b18984028_page3_table1_pair20,4c8dcd2c-4c56-4a4d-aa18-5e4b18984028,3,1,6ookAOo23lJBAAAAAAAAAA==,dbs/6ookAA==/colls/6ookAOo23lI=/docs/6ookAOo23lJBAAAAAAAAAA==/,"""0200cea6-0000-0a00-0000-680f583a0000""",attachments/,1745836090,
185,268,185,268,35023,4c8dcd2c-4c56-4a4d-aa18-5e4b18984028_page4_table1_pair0,4c8dcd2c-4c56-4a4d-aa18-5e4b18984028,4,1,6ookAOo23lJCAAAAAAAAAA==,dbs/6ookAA==/colls/6ookAOo23lI=/docs/6ookAOo23lJCAAAAAAAAAA==/,"""0200d0a6-0000-0a00-0000-680f58470000""",attachments/,1745836103,
157,548,157,548,35023,4c8dcd2c-4c56-4a4d-aa18-5e4b18984028_page4_table1_pair1,4c8dcd2c-4c56-4a4d-aa18-5e4b18984028,4,1,6ookAOo23lJDAAAAAAAAAA==,dbs/6ookAA==/colls/6ookAOo23lI=/docs/6ookAOo23lJDAAAAAAAAAA==/,"""0200d1a6-0000-0a00-0000-680f58470000""",attachments/,1745836103,
157,549,157,549,35023,4c8dcd2c-4c56-4a4d-aa18-5e4b18984028_page4_table1_pair2,4c8dcd2c-4c56-4a4d-aa18-5e4b18984028,4,1,6ookAOo23lJEAAAAAAAAAA==,dbs/6ookAA==/colls/6ookAOo23lI=/docs/6ookAOo23lJEAAAAAAAAAA==/,"""0200d2a6-0000-0a00-0000-680f58470000""",attachments/,1745836103,
157,430,157,430,35023,4c8dcd2c-4c56-4a4d-aa18-5e4b18984028_page4_table1_pair3,4c8dcd2c-4c56-4a4d-aa18-5e4b18984028,4,1,6ookAOo23lJFAAAAAAAAAA==,dbs/6ookAA==/colls/6ookAOo23lI=/docs/6ookAOo23lJFAAAAAAAAAA==/,"""0200d3a6-0000-0a00-0000-680f58470000""",attachments/,1745836103,
157,431,157,431,35023,4c8dcd2c-4c56-4a4d-aa18-5e4b18984028_page4_table1_pair4,4c8dcd2c-4c56-4a4d-aa18-5e4b18984028,4,1,6ookAOo23lJGAAAAAAAAAA==,dbs/6ookAA==/colls/6ookAOo23lI=/docs/6ookAOo23lJGAAAAAAAAAA==/,"""0200d4a6-0000-0a00-0000-680f58470000""",attachments/,1745836103,
143,258.,143,258,35023,4c8dcd2c-4c56-4a4d-aa18-5e4b18984028_page4_table1_pair5,4c8dcd2c-4c56-4a4d-aa18-5e4b18984028,4,1,6ookAOo23lJHAAAAAAAAAA==,dbs/6ookAA==/colls/6ookAOo23lI=/docs/6ookAOo23lJHAAAAAAAAAA==/,"""0200d5a6-0000-0a00-0000-680f58470000""",attachments/,1745836103,
185,95,185,95,35023,4c8dcd2c-4c56-4a4d-aa18-5e4b18984028_page4_table1_pair6,4c8dcd2c-4c56-4a4d-aa18-5e4b18984028,4,1,6ookAOo23lJIAAAAAAAAAA==,dbs/6ookAA==/colls/6ookAOo23lI=/docs/6ookAOo23lJIAAAAAAAAAA==/,"""0200d6a6-0000-0a00-0000-680f58470000""",attachments/,1745836103,
142,205,142,205,35023,4c8dcd2c-4c56-4a4d-aa18-5e4b18984028_page4_table1_pair7,4c8dcd2c-4c56-4a4d-aa18-5e4b18984028,4,1,6ookAOo23lJJAAAAAAAAAA==,dbs/6ookAA==/colls/6ookAOo23lI=/docs/6ookAOo23lJJAAAAAAAAAA==/,"""0200d7a6-0000-0a00-0000-680f58470000""",attachments/,1745836103,
142,207,142,207,35023,4c8dcd2c-4c56-4a4d-aa18-5e4b18984028_page4_table1_pair8,4c8dcd2c-4c56-4a4d-aa18-5e4b18984028,4,1,6ookAOo23lJKAAAAAAAAAA==,dbs/6ookAA==/colls/6ookAOo23lI=/docs/6ookAOo23lJKAAAAAAAAAA==/,"""0200d8a6-0000-0a00-0000-680f58470000""",attachments/,1745836103,
157,550,157,550,35023,4c8dcd2c-4c56-4a4d-aa18-5e4b18984028_page4_table1_pair9,4c8dcd2c-4c56-4a4d-aa18-5e4b18984028,4,1,6ookAOo23lJLAAAAAAAAAA==,dbs/6ookAA==/colls/6ookAOo23lI=/docs/6ookAOo23lJLAAAAAAAAAA==/,"""0200d9a6-0000-0a00-0000-680f58470000""",attachments/,1745836103,
166,267,166,267,35023,4c8dcd2c-4c56-4a4d-aa18-5e4b18984028_page4_table1_pair10,4c8dcd2c-4c56-4a4d-aa18-5e4b18984028,4,1,6ookAOo23lJMAAAAAAAAAA==,dbs/6ookAA==/colls/6ookAOo23lI=/docs/6ookAOo23lJMAAAAAAAAAA==/,"""0200daa6-0000-0a00-0000-680f58470000""",attachments/,1745836103,
163,465,163,465,35023,4c8dcd2c-4c56-4a4d-aa18-5e4b18984028_page4_table1_pair11,4c8dcd2c-4c56-4a4d-aa18-5e4b18984028,4,1,6ookAOo23lJNAAAAAAAAAA==,dbs/6ookAA==/colls/6ookAOo23lI=/docs/6ookAOo23lJNAAAAAAAAAA==/,"""0200dba6-0000-0a00-0000-680f58470000""",attachments/,1745836103,
163,464,163,464,35023,4c8dcd2c-4c56-4a4d-aa18-5e4b18984028_page4_table1_pair12,4c8dcd2c-4c56-4a4d-aa18-5e4b18984028,4,1,6ookAOo23lJOAAAAAAAAAA==,dbs/6ookAA==/colls/6ookAOo23lI=/docs/6ookAOo23lJOAAAAAAAAAA==/,"""0200dca6-0000-0a00-0000-680f58470000""",attachments/,1745836103,
155,218,155,218,35023,4c8dcd2c-4c56-4a4d-aa18-5e4b18984028_page4_table1_pair13,4c8dcd2c-4c56-4a4d-aa18-5e4b18984028,4,1,6ookAOo23lJPAAAAAAAAAA==,dbs/6ookAA==/colls/6ookAOo23lI=/docs/6ookAOo23lJPAAAAAAAAAA==/,"""0200dda6-0000-0a00-0000-680f58470000""",attachments/,1745836103,
155,219,155,219,35023,4c8dcd2c-4c56-4a4d-aa18-5e4b18984028_page4_table1_pair14,4c8dcd2c-4c56-4a4d-aa18-5e4b18984028,4,1,6ookAOo23lJQAAAAAAAAAA==,dbs/6ookAA==/colls/6ookAOo23lI=/docs/6ookAOo23lJQAAAAAAAAAA==/,"""0200dea6-0000-0a00-0000-680f58470000""",attachments/,1745836103,
155,226,155,226,35023,4c8dcd2c-4c56-4a4d-aa18-5e4b18984028_page4_table1_pair15,4c8dcd2c-4c56-4a4d-aa18-5e4b18984028,4,1,6ookAOo23lJRAAAAAAAAAA==,dbs/6ookAA==/colls/6ookAOo23lI=/docs/6ookAOo23lJRAAAAAAAAAA==/,"""0200dfa6-0000-0a00-0000-680f58470000""",attachments/,1745836103,
163,25,163,25,35023,4c8dcd2c-4c56-4a4d-aa18-5e4b18984028_page4_table1_pair16,4c8dcd2c-4c56-4a4d-aa18-5e4b18984028,4,1,6ookAOo23lJSAAAAAAAAAA==,dbs/6ookAA==/colls/6ookAOo23lI=/docs/6ookAOo23lJSAAAAAAAAAA==/,"""0200e0a6-0000-0a00-0000-680f58470000""",attachments/,1745836103,
163,28,163,28,35023,4c8dcd2c-4c56-4a4d-aa18-5e4b18984028_page4_table1_pair17,4c8dcd2c-4c56-4a4d-aa18-5e4b18984028,4,1,6ookAOo23lJTAAAAAAAAAA==,dbs/6ookAA==/colls/6ookAOo23lI=/docs/6ookAOo23lJTAAAAAAAAAA==/,"""0200e1a6-0000-0a00-0000-680f58470000""",attachments/,1745836103,
142,186,142,186,35023,4c8dcd2c-4c56-4a4d-aa18-5e4b18984028_page4_table1_pair18,4c8dcd2c-4c56-4a4d-aa18-5e4b18984028,4,1,6ookAOo23lJUAAAAAAAAAA==,dbs/6ookAA==/colls/6ookAOo23lI=/docs/6ookAOo23lJUAAAAAAAAAA==/,"""0200e2a6-0000-0a00-0000-680f58470000""",attachments/,1745836103,
142,396,142,396,35023,4c8dcd2c-4c56-4a4d-aa18-5e4b18984028_page4_table1_pair19,4c8dcd2c-4c56-4a4d-aa18-5e4b18984028,4,1,6ookAOo23lJVAAAAAAAAAA==,dbs/6ookAA==/colls/6ookAOo23lI=/docs/6ookAOo23lJVAAAAAAAAAA==/,"""0200e3a6-0000-0a00-0000-680f58470000""",attachments/,1745836103,
166,93,166,93,35023,4c8dcd2c-4c56-4a4d-aa18-5e4b18984028_page4_table1_pair20,4c8dcd2c-4c56-4a4d-aa18-5e4b18984028,4,1,6ookAOo23lJWAAAAAAAAAA==,dbs/6ookAA==/colls/6ookAOo23lI=/docs/6ookAOo23lJWAAAAAAAAAA==/,"""0200e4a6-0000-0a00-0000-680f58470000""",attachments/,1745836103,
157,264,157,264,35023,4c8dcd2c-4c56-4a4d-aa18-5e4b18984028_page4_table1_pair21,4c8dcd2c-4c56-4a4d-aa18-5e4b18984028,4,1,6ookAOo23lJXAAAAAAAAAA==,dbs/6ookAA==/colls/6ookAOo23lI=/docs/6ookAOo23lJXAAAAAAAAAA==/,"""0200e5a6-0000-0a00-0000-680f58470000""",attachments/,1745836103,
145 -,392,145,392,35023,4c8dcd2c-4c56-4a4d-aa18-5e4b18984028_page5_table1_pair0,4c8dcd2c-4c56-4a4d-aa18-5e4b18984028,5,1,6ookAOo23lJYAAAAAAAAAA==,dbs/6ookAA==/colls/6ookAOo23lI=/docs/6ookAOo23lJYAAAAAAAAAA==/,"""0200eaa6-0000-0a00-0000-680f58540000""",attachments/,1745836116,
157,316,157,316,35023,4c8dcd2c-4c56-4a4d-aa18-5e4b18984028_page5_table1_pair1,4c8dcd2c-4c56-4a4d-aa18-5e4b18984028,5,1,6ookAOo23lJZAAAAAAAAAA==,dbs/6ookAA==/colls/6ookAOo23lI=/docs/6ookAOo23lJZAAAAAAAAAA==/,"""0200eba6-0000-0a00-0000-680f58540000""",attachments/,1745836116,
157,3/7/317,157,37317,35023,4c8dcd2c-4c56-4a4d-aa18-5e4b18984028_page5_table1_pair2,4c8dcd2c-4c56-4a4d-aa18-5e4b18984028,5,1,6ookAOo23lJaAAAAAAAAAA==,dbs/6ookAA==/colls/6ookAOo23lI=/docs/6ookAOo23lJaAAAAAAAAAA==/,"""0200eca6-0000-0a00-0000-680f58540000""",attachments/,1745836116,
163,15.9,163,159,35023,4c8dcd2c-4c56-4a4d-aa18-5e4b18984028_page5_table1_pair3,4c8dcd2c-4c56-4a4d-aa18-5e4b18984028,5,1,6ookAOo23lJbAAAAAAAAAA==,dbs/6ookAA==/colls/6ookAOo23lI=/docs/6ookAOo23lJbAAAAAAAAAA==/,"""0200eda6-0000-0a00-0000-680f58540000""",attachments/,1745836116,
156,36,156,36,35023,4c8dcd2c-4c56-4a4d-aa18-5e4b18984028_page5_table1_pair4,4c8dcd2c-4c56-4a4d-aa18-5e4b18984028,5,1,6ookAOo23lJcAAAAAAAAAA==,dbs/6ookAA==/colls/6ookAOo23lI=/docs/6ookAOo23lJcAAAAAAAAAA==/,"""0200eea6-0000-0a00-0000-680f58540000""",attachments/,1745836116,
143,383,143,383,35023,4c8dcd2c-4c56-4a4d-aa18-5e4b18984028_page5_table1_pair5,4c8dcd2c-4c56-4a4d-aa18-5e4b18984028,5,1,6ookAOo23lJdAAAAAAAAAA==,dbs/6ookAA==/colls/6ookAOo23lI=/docs/6ookAOo23lJdAAAAAAAAAA==/,"""0200efa6-0000-0a00-0000-680f58540000""",attachments/,1745836116,
143,334,143,334,35023,4c8dcd2c-4c56-4a4d-aa18-5e4b18984028_page5_table1_pair6,4c8dcd2c-4c56-4a4d-aa18-5e4b18984028,5,1,6ookAOo23lJeAAAAAAAAAA==,dbs/6ookAA==/colls/6ookAOo23lI=/docs/6ookAOo23lJeAAAAAAAAAA==/,"""0200f0a6-0000-0a00-0000-680f58540000""",attachments/,1745836116,
146,84,146,84,35023,4c8dcd2c-4c56-4a4d-aa18-5e4b18984028_page5_table1_pair7,4c8dcd2c-4c56-4a4d-aa18-5e4b18984028,5,1,6ookAOo23lJfAAAAAAAAAA==,dbs/6ookAA==/colls/6ookAOo23lI=/docs/6ookAOo23lJfAAAAAAAAAA==/,"""0200f1a6-0000-0a00-0000-680f58540000""",attachments/,1745836116,
146,33,146,33,35023,4c8dcd2c-4c56-4a4d-aa18-5e4b18984028_page5_table1_pair8,4c8dcd2c-4c56-4a4d-aa18-5e4b18984028,5,1,6ookAOo23lJgAAAAAAAAAA==,dbs/6ookAA==/colls/6ookAOo23lI=/docs/6ookAOo23lJgAAAAAAAAAA==/,"""0200f2a6-0000-0a00-0000-680f58540000""",attachments/,1745836116,
144,317,144,317,35023,4c8dcd2c-4c56-4a4d-aa18-5e4b18984028_page5_table1_pair9,4c8dcd2c-4c56-4a4d-aa18-5e4b18984028,5,1,6ookAOo23lJhAAAAAAAAAA==,dbs/6ookAA==/colls/6ookAOo23lI=/docs/6ookAOo23lJhAAAAAAAAAA==/,"""0200f3a6-0000-0a00-0000-680f58540000""",attachments/,1745836116,
141,392,141,392,35023,4c8dcd2c-4c56-4a4d-aa18-5e4b18984028_page5_table1_pair10,4c8dcd2c-4c56-4a4d-aa18-5e4b18984028,5,1,6ookAOo23lJiAAAAAAAAAA==,dbs/6ookAA==/colls/6ookAOo23lI=/docs/6ookAOo23lJiAAAAAAAAAA==/,"""0200f4a6-0000-0a00-0000-680f58540000""",attachments/,1745836116,
157,585,157,585,35023,4c8dcd2c-4c56-4a4d-aa18-5e4b18984028_page5_table1_pair11,4c8dcd2c-4c56-4a4d-aa18-5e4b18984028,5,1,6ookAOo23lJjAAAAAAAAAA==,dbs/6ookAA==/colls/6ookAOo23lI=/docs/6ookAOo23lJjAAAAAAAAAA==/,"""0200f5a6-0000-0a00-0000-680f58540000""",attachments/,1745836116,
157,586,157,586,35023,4c8dcd2c-4c56-4a4d-aa18-5e4b18984028_page5_table1_pair12,4c8dcd2c-4c56-4a4d-aa18-5e4b18984028,5,1,6ookAOo23lJkAAAAAAAAAA==,dbs/6ookAA==/colls/6ookAOo23lI=/docs/6ookAOo23lJkAAAAAAAAAA==/,"""0200f6a6-0000-0a00-0000-680f58540000""",attachments/,1745836116,
184,93,184,93,35023,4c8dcd2c-4c56-4a4d-aa18-5e4b18984028_page5_table1_pair13,4c8dcd2c-4c56-4a4d-aa18-5e4b18984028,5,1,6ookAOo23lJlAAAAAAAAAA==,dbs/6ookAA==/colls/6ookAOo23lI=/docs/6ookAOo23lJlAAAAAAAAAA==/,"""0200f7a6-0000-0a00-0000-680f58540000""",attachments/,1745836116,
184,94,184,94,35023,4c8dcd2c-4c56-4a4d-aa18-5e4b18984028_page5_table1_pair14,4c8dcd2c-4c56-4a4d-aa18-5e4b18984028,5,1,6ookAOo23lJmAAAAAAAAAA==,dbs/6ookAA==/colls/6ookAOo23lI=/docs/6ookAOo23lJmAAAAAAAAAA==/,"""0200f8a6-0000-0a00-0000-680f58540000""",attachments/,1745836116,
185,92,185,92,35023,4c8dcd2c-4c56-4a4d-aa18-5e4b18984028_page5_table1_pair15,4c8dcd2c-4c56-4a4d-aa18-5e4b18984028,5,1,6ookAOo23lJnAAAAAAAAAA==,dbs/6ookAA==/colls/6ookAOo23lI=/docs/6ookAOo23lJnAAAAAAAAAA==/,"""0200f9a6-0000-0a00-0000-680f58540000""",attachments/,1745836116,
145,247,145,247,35023,4c8dcd2c-4c56-4a4d-aa18-5e4b18984028_page5_table1_pair16,4c8dcd2c-4c56-4a4d-aa18-5e4b18984028,5,1,6ookAOo23lJoAAAAAAAAAA==,dbs/6ookAA==/colls/6ookAOo23lI=/docs/6ookAOo23lJoAAAAAAAAAA==/,"""0200faa6-0000-0a00-0000-680f58540000""",attachments/,1745836116,
145,246,145,246,35023,4c8dcd2c-4c56-4a4d-aa18-5e4b18984028_page5_table1_pair17,4c8dcd2c-4c56-4a4d-aa18-5e4b18984028,5,1,6ookAOo23lJpAAAAAAAAAA==,dbs/6ookAA==/colls/6ookAOo23lI=/docs/6ookAOo23lJpAAAAAAAAAA==/,"""0200fba6-0000-0a00-0000-680f58550000""",attachments/,1745836117,
163,103,163,103,35023,4c8dcd2c-4c56-4a4d-aa18-5e4b18984028_page5_table1_pair18,4c8dcd2c-4c56-4a4d-aa18-5e4b18984028,5,1,6ookAOo23lJqAAAAAAAAAA==,dbs/6ookAA==/colls/6ookAOo23lI=/docs/6ookAOo23lJqAAAAAAAAAA==/,"""0200fca6-0000-0a00-0000-680f58550000""",attachments/,1745836117,
141,411.,141,411,35023,4c8dcd2c-4c56-4a4d-aa18-5e4b18984028_page5_table1_pair19,4c8dcd2c-4c56-4a4d-aa18-5e4b18984028,5,1,6ookAOo23lJrAAAAAAAAAA==,dbs/6ookAA==/colls/6ookAOo23lI=/docs/6ookAOo23lJrAAAAAAAAAA==/,"""0200fda6-0000-0a00-0000-680f58550000""",attachments/,1745836117,
157,29.,157,29,35023,4c8dcd2c-4c56-4a4d-aa18-5e4b18984028_page5_table1_pair20,4c8dcd2c-4c56-4a4d-aa18-5e4b18984028,5,1,6ookAOo23lJsAAAAAAAAAA==,dbs/6ookAA==/colls/6ookAOo23lI=/docs/6ookAOo23lJsAAAAAAAAAA==/,"""0200fea6-0000-0a00-0000-680f58550000""",attachments/,1745836117,
166,466,166,466,35023,4c8dcd2c-4c56-4a4d-aa18-5e4b18984028_page5_table1_pair21,4c8dcd2c-4c56-4a4d-aa18-5e4b18984028,5,1,6ookAOo23lJtAAAAAAAAAA==,dbs/6ookAA==/colls/6ookAOo23lI=/docs/6ookAOo23lJtAAAAAAAAAA==/,"""0200ffa6-0000-0a00-0000-680f58550000""",attachments/,1745836117,
133,216,133,216,35023,985b90db-6616-4d3c-aed7-6c306991625e_page1_table1_pair0,985b90db-6616-4d3c-aed7-6c306991625e,1,1,6ookAOo23lJuAAAAAAAAAA==,dbs/6ookAA==/colls/6ookAOo23lI=/docs/6ookAOo23lJuAAAAAAAAAA==/,"""020081a7-0000-0a00-0000-680f5a000000""",attachments/,1745836544,
139,252,139,252,35023,985b90db-6616-4d3c-aed7-6c306991625e_page1_table1_pair1,985b90db-6616-4d3c-aed7-6c306991625e,1,1,6ookAOo23lJvAAAAAAAAAA==,dbs/6ookAA==/colls/6ookAOo23lI=/docs/6ookAOo23lJvAAAAAAAAAA==/,"""020082a7-0000-0a00-0000-680f5a000000""",attachments/,1745836544,
139,253,139,253,35023,985b90db-6616-4d3c-aed7-6c306991625e_page1_table1_pair2,985b90db-6616-4d3c-aed7-6c306991625e,1,1,6ookAOo23lJwAAAAAAAAAA==,dbs/6ookAA==/colls/6ookAOo23lI=/docs/6ookAOo23lJwAAAAAAAAAA==/,"""020083a7-0000-0a00-0000-680f5a000000""",attachments/,1745836544,
177,270,177,270,35023,985b90db-6616-4d3c-aed7-6c306991625e_page1_table1_pair3,985b90db-6616-4d3c-aed7-6c306991625e,1,1,6ookAOo23lJxAAAAAAAAAA==,dbs/6ookAA==/colls/6ookAOo23lI=/docs/6ookAOo23lJxAAAAAAAAAA==/,"""020084a7-0000-0a00-0000-680f5a000000""",attachments/,1745836544,
177,269,177,269,35023,985b90db-6616-4d3c-aed7-6c306991625e_page1_table1_pair4,985b90db-6616-4d3c-aed7-6c306991625e,1,1,6ookAOo23lJyAAAAAAAAAA==,dbs/6ookAA==/colls/6ookAOo23lI=/docs/6ookAOo23lJyAAAAAAAAAA==/,"""020085a7-0000-0a00-0000-680f5a000000""",attachments/,1745836544,
148,108,148,108,35023,985b90db-6616-4d3c-aed7-6c306991625e_page1_table1_pair5,985b90db-6616-4d3c-aed7-6c306991625e,1,1,6ookAOo23lJzAAAAAAAAAA==,dbs/6ookAA==/colls/6ookAOo23lI=/docs/6ookAOo23lJzAAAAAAAAAA==/,"""020086a7-0000-0a00-0000-680f5a000000""",attachments/,1745836544,
138,276,138,276,35023,985b90db-6616-4d3c-aed7-6c306991625e_page1_table1_pair6,985b90db-6616-4d3c-aed7-6c306991625e,1,1,6ookAOo23lJ0AAAAAAAAAA==,dbs/6ookAA==/colls/6ookAOo23lI=/docs/6ookAOo23lJ0AAAAAAAAAA==/,"""020087a7-0000-0a00-0000-680f5a000000""",attachments/,1745836544,
134,253,134,253,35023,985b90db-6616-4d3c-aed7-6c306991625e_page1_table1_pair7,985b90db-6616-4d3c-aed7-6c306991625e,1,1,6ookAOo23lJ1AAAAAAAAAA==,dbs/6ookAA==/colls/6ookAOo23lI=/docs/6ookAOo23lJ1AAAAAAAAAA==/,"""020088a7-0000-0a00-0000-680f5a000000""",attachments/,1745836544,
134,254,134,254,35023,985b90db-6616-4d3c-aed7-6c306991625e_page1_table1_pair8,985b90db-6616-4d3c-aed7-6c306991625e,1,1,6ookAOo23lJ2AAAAAAAAAA==,dbs/6ookAA==/colls/6ookAOo23lI=/docs/6ookAOo23lJ2AAAAAAAAAA==/,"""020089a7-0000-0a00-0000-680f5a000000""",attachments/,1745836544,
132,347,132,347,35023,985b90db-6616-4d3c-aed7-6c306991625e_page1_table1_pair9,985b90db-6616-4d3c-aed7-6c306991625e,1,1,6ookAOo23lJ3AAAAAAAAAA==,dbs/6ookAA==/colls/6ookAOo23lI=/docs/6ookAOo23lJ3AAAAAAAAAA==/,"""02008aa7-0000-0a00-0000-680f5a000000""",attachments/,1745836544,
148,486,148,486,35023,985b90db-6616-4d3c-aed7-6c306991625e_page1_table1_pair10,985b90db-6616-4d3c-aed7-6c306991625e,1,1,6ookAOo23lJ4AAAAAAAAAA==,dbs/6ookAA==/colls/6ookAOo23lI=/docs/6ookAOo23lJ4AAAAAAAAAA==/,"""02008ba7-0000-0a00-0000-680f5a000000""",attachments/,1745836544,
148,408,148,408,35023,985b90db-6616-4d3c-aed7-6c306991625e_page1_table1_pair11,985b90db-6616-4d3c-aed7-6c306991625e,1,1,6ookAOo23lJ5AAAAAAAAAA==,dbs/6ookAA==/colls/6ookAOo23lI=/docs/6ookAOo23lJ5AAAAAAAAAA==/,"""02008ca7-0000-0a00-0000-680f5a000000""",attachments/,1745836544,
134,323,134,323,35023,985b90db-6616-4d3c-aed7-6c306991625e_page1_table1_pair12,985b90db-6616-4d3c-aed7-6c306991625e,1,1,6ookAOo23lJ6AAAAAAAAAA==,dbs/6ookAA==/colls/6ookAOo23lI=/docs/6ookAOo23lJ6AAAAAAAAAA==/,"""02008da7-0000-0a00-0000-680f5a010000""",attachments/,1745836545,
148,407,148,407,35023,985b90db-6616-4d3c-aed7-6c306991625e_page1_table1_pair13,985b90db-6616-4d3c-aed7-6c306991625e,1,1,6ookAOo23lJ7AAAAAAAAAA==,dbs/6ookAA==/colls/6ookAOo23lI=/docs/6ookAOo23lJ7AAAAAAAAAA==/,"""02008ea7-0000-0a00-0000-680f5a010000""",attachments/,1745836545,
136,372,136,372,35023,985b90db-6616-4d3c-aed7-6c306991625e_page1_table1_pair14,985b90db-6616-4d3c-aed7-6c306991625e,1,1,6ookAOo23lJ8AAAAAAAAAA==,dbs/6ookAA==/colls/6ookAOo23lI=/docs/6ookAOo23lJ8AAAAAAAAAA==/,"""02008fa7-0000-0a00-0000-680f5a010000""",attachments/,1745836545,
132,262,132,262,35023,985b90db-6616-4d3c-aed7-6c306991625e_page1_table1_pair15,985b90db-6616-4d3c-aed7-6c306991625e,1,1,6ookAOo23lJ9AAAAAAAAAA==,dbs/6ookAA==/colls/6ookAOo23lI=/docs/6ookAOo23lJ9AAAAAAAAAA==/,"""020090a7-0000-0a00-0000-680f5a010000""",attachments/,1745836545,
132,270,132,270,35023,985b90db-6616-4d3c-aed7-6c306991625e_page1_table1_pair16,985b90db-6616-4d3c-aed7-6c306991625e,1,1,6ookAOo23lJ+AAAAAAAAAA==,dbs/6ookAA==/colls/6ookAOo23lI=/docs/6ookAOo23lJ+AAAAAAAAAA==/,"""020091a7-0000-0a00-0000-680f5a010000""",attachments/,1745836545,
135,152,135,152,35023,985b90db-6616-4d3c-aed7-6c306991625e_page1_table1_pair17,985b90db-6616-4d3c-aed7-6c306991625e,1,1,6ookAOo23lJ-AAAAAAAAAA==,dbs/6ookAA==/colls/6ookAOo23lI=/docs/6ookAOo23lJ-AAAAAAAAAA==/,"""020092a7-0000-0a00-0000-680f5a010000""",attachments/,1745836545,
135,151,135,151,35023,985b90db-6616-4d3c-aed7-6c306991625e_page1_table1_pair18,985b90db-6616-4d3c-aed7-6c306991625e,1,1,6ookAOo23lKAAAAAAAAAAA==,dbs/6ookAA==/colls/6ookAOo23lI=/docs/6ookAOo23lKAAAAAAAAAAA==/,"""020093a7-0000-0a00-0000-680f5a010000""",attachments/,1745836545,
176,29/,176,29,35023,985b90db-6616-4d3c-aed7-6c306991625e_page1_table1_pair19,985b90db-6616-4d3c-aed7-6c306991625e,1,1,6ookAOo23lKBAAAAAAAAAA==,dbs/6ookAA==/colls/6ookAOo23lI=/docs/6ookAOo23lKBAAAAAAAAAA==/,"""020094a7-0000-0a00-0000-680f5a010000""",attachments/,1745836545,
176,293,176,293,35023,985b90db-6616-4d3c-aed7-6c306991625e_page1_table1_pair20,985b90db-6616-4d3c-aed7-6c306991625e,1,1,6ookAOo23lKCAAAAAAAAAA==,dbs/6ookAA==/colls/6ookAOo23lI=/docs/6ookAOo23lKCAAAAAAAAAA==/,"""020095a7-0000-0a00-0000-680f5a010000""",attachments/,1745836545,
136,339,136,339,35023,985b90db-6616-4d3c-aed7-6c306991625e_page1_table1_pair21,985b90db-6616-4d3c-aed7-6c306991625e,1,1,6ookAOo23lKDAAAAAAAAAA==,dbs/6ookAA==/colls/6ookAOo23lI=/docs/6ookAOo23lKDAAAAAAAAAA==/,"""020096a7-0000-0a00-0000-680f5a010000""",attachments/,1745836545,
136,5%.,136,5,35023,985b90db-6616-4d3c-aed7-6c306991625e_page2_table1_pair0,985b90db-6616-4d3c-aed7-6c306991625e,2,1,6ookAOo23lKEAAAAAAAAAA==,dbs/6ookAA==/colls/6ookAOo23lI=/docs/6ookAOo23lKEAAAAAAAAAA==/,"""02009fa7-0000-0a00-0000-680f5a0d0000""",attachments/,1745836557,
176,386,176,386,35023,985b90db-6616-4d3c-aed7-6c306991625e_page2_table1_pair1,985b90db-6616-4d3c-aed7-6c306991625e,2,1,6ookAOo23lKFAAAAAAAAAA==,dbs/6ookAA==/colls/6ookAOo23lI=/docs/6ookAOo23lKFAAAAAAAAAA==/,"""0200a0a7-0000-0a00-0000-680f5a0d0000""",attachments/,1745836557,
.136,72.,136,72,35023,985b90db-6616-4d3c-aed7-6c306991625e_page2_table1_pair2,985b90db-6616-4d3c-aed7-6c306991625e,2,1,6ookAOo23lKGAAAAAAAAAA==,dbs/6ookAA==/colls/6ookAOo23lI=/docs/6ookAOo23lKGAAAAAAAAAA==/,"""0200a1a7-0000-0a00-0000-680f5a0d0000""",attachments/,1745836557,
132,200,132,200,35023,985b90db-6616-4d3c-aed7-6c306991625e_page2_table1_pair3,985b90db-6616-4d3c-aed7-6c306991625e,2,1,6ookAOo23lKHAAAAAAAAAA==,dbs/6ookAA==/colls/6ookAOo23lI=/docs/6ookAOo23lKHAAAAAAAAAA==/,"""0200a2a7-0000-0a00-0000-680f5a0d0000""",attachments/,1745836557,
140,160,140,160,35023,985b90db-6616-4d3c-aed7-6c306991625e_page2_table1_pair4,985b90db-6616-4d3c-aed7-6c306991625e,2,1,6ookAOo23lKIAAAAAAAAAA==,dbs/6ookAA==/colls/6ookAOo23lI=/docs/6ookAOo23lKIAAAAAAAAAA==/,"""0200a3a7-0000-0a00-0000-680f5a0d0000""",attachments/,1745836557,
177,SIS,177,,35023,985b90db-6616-4d3c-aed7-6c306991625e_page2_table1_pair5,985b90db-6616-4d3c-aed7-6c306991625e,2,1,6ookAOo23lKJAAAAAAAAAA==,dbs/6ookAA==/colls/6ookAOo23lI=/docs/6ookAOo23lKJAAAAAAAAAA==/,"""0200a4a7-0000-0a00-0000-680f5a0d0000""",attachments/,1745836557,
177,397,177,397,35023,985b90db-6616-4d3c-aed7-6c306991625e_page2_table1_pair6,985b90db-6616-4d3c-aed7-6c306991625e,2,1,6ookAOo23lKKAAAAAAAAAA==,dbs/6ookAA==/colls/6ookAOo23lI=/docs/6ookAOo23lKKAAAAAAAAAA==/,"""0200a5a7-0000-0a00-0000-680f5a0d0000""",attachments/,1745836557,
138,253.,138,253,35023,985b90db-6616-4d3c-aed7-6c306991625e_page2_table1_pair7,985b90db-6616-4d3c-aed7-6c306991625e,2,1,6ookAOo23lKLAAAAAAAAAA==,dbs/6ookAA==/colls/6ookAOo23lI=/docs/6ookAOo23lKLAAAAAAAAAA==/,"""0200a6a7-0000-0a00-0000-680f5a0e0000""",attachments/,1745836558,
173,160,173,160,35023,985b90db-6616-4d3c-aed7-6c306991625e_page2_table1_pair8,985b90db-6616-4d3c-aed7-6c306991625e,2,1,6ookAOo23lKMAAAAAAAAAA==,dbs/6ookAA==/colls/6ookAOo23lI=/docs/6ookAOo23lKMAAAAAAAAAA==/,"""0200a7a7-0000-0a00-0000-680f5a0e0000""",attachments/,1745836558,
139,69,139,69,35023,985b90db-6616-4d3c-aed7-6c306991625e_page2_table1_pair9,985b90db-6616-4d3c-aed7-6c306991625e,2,1,6ookAOo23lKNAAAAAAAAAA==,dbs/6ookAA==/colls/6ookAOo23lI=/docs/6ookAOo23lKNAAAAAAAAAA==/,"""0200a8a7-0000-0a00-0000-680f5a0e0000""",attachments/,1745836558,
139,70,139,70,35023,985b90db-6616-4d3c-aed7-6c306991625e_page2_table1_pair10,985b90db-6616-4d3c-aed7-6c306991625e,2,1,6ookAOo23lKOAAAAAAAAAA==,dbs/6ookAA==/colls/6ookAOo23lI=/docs/6ookAOo23lKOAAAAAAAAAA==/,"""0200a9a7-0000-0a00-0000-680f5a0e0000""",attachments/,1745836558,
176,"377,",176,377,35023,985b90db-6616-4d3c-aed7-6c306991625e_page2_table1_pair11,985b90db-6616-4d3c-aed7-6c306991625e,2,1,6ookAOo23lKPAAAAAAAAAA==,dbs/6ookAA==/colls/6ookAOo23lI=/docs/6ookAOo23lKPAAAAAAAAAA==/,"""0200aaa7-0000-0a00-0000-680f5a0e0000""",attachments/,1745836558,
148,306,148,306,35023,985b90db-6616-4d3c-aed7-6c306991625e_page2_table1_pair12,985b90db-6616-4d3c-aed7-6c306991625e,2,1,6ookAOo23lKQAAAAAAAAAA==,dbs/6ookAA==/colls/6ookAOo23lI=/docs/6ookAOo23lKQAAAAAAAAAA==/,"""0200aba7-0000-0a00-0000-680f5a0e0000""",attachments/,1745836558,
148,307,148,307,35023,985b90db-6616-4d3c-aed7-6c306991625e_page2_table1_pair13,985b90db-6616-4d3c-aed7-6c306991625e,2,1,6ookAOo23lKRAAAAAAAAAA==,dbs/6ookAA==/colls/6ookAOo23lI=/docs/6ookAOo23lKRAAAAAAAAAA==/,"""0200aca7-0000-0a00-0000-680f5a0e0000""",attachments/,1745836558,
1.34,15.,134,15,35023,985b90db-6616-4d3c-aed7-6c306991625e_page2_table1_pair14,985b90db-6616-4d3c-aed7-6c306991625e,2,1,6ookAOo23lKSAAAAAAAAAA==,dbs/6ookAA==/colls/6ookAOo23lI=/docs/6ookAOo23lKSAAAAAAAAAA==/,"""0200ada7-0000-0a00-0000-680f5a0e0000""",attachments/,1745836558,
134,14,134,14,35023,985b90db-6616-4d3c-aed7-6c306991625e_page2_table1_pair15,985b90db-6616-4d3c-aed7-6c306991625e,2,1,6ookAOo23lKTAAAAAAAAAA==,dbs/6ookAA==/colls/6ookAOo23lI=/docs/6ookAOo23lKTAAAAAAAAAA==/,"""0200aea7-0000-0a00-0000-680f5a0e0000""",attachments/,1745836558,
148,196,148,196,35023,985b90db-6616-4d3c-aed7-6c306991625e_page2_table1_pair16,985b90db-6616-4d3c-aed7-6c306991625e,2,1,6ookAOo23lKUAAAAAAAAAA==,dbs/6ookAA==/colls/6ookAOo23lI=/docs/6ookAOo23lKUAAAAAAAAAA==/,"""0200afa7-0000-0a00-0000-680f5a0e0000""",attachments/,1745836558,
176,233,176,233,35023,985b90db-6616-4d3c-aed7-6c306991625e_page2_table1_pair17,985b90db-6616-4d3c-aed7-6c306991625e,2,1,6ookAOo23lKVAAAAAAAAAA==,dbs/6ookAA==/colls/6ookAOo23lI=/docs/6ookAOo23lKVAAAAAAAAAA==/,"""0200b1a7-0000-0a00-0000-680f5a0e0000""",attachments/,1745836558,
176,234,176,234,35023,985b90db-6616-4d3c-aed7-6c306991625e_page2_table1_pair18,985b90db-6616-4d3c-aed7-6c306991625e,2,1,6ookAOo23lKWAAAAAAAAAA==,dbs/6ookAA==/colls/6ookAOo23lI=/docs/6ookAOo23lKWAAAAAAAAAA==/,"""0200b2a7-0000-0a00-0000-680f5a0e0000""",attachments/,1745836558,
132,23,132,23,35023,985b90db-6616-4d3c-aed7-6c306991625e_page2_table1_pair19,985b90db-6616-4d3c-aed7-6c306991625e,2,1,6ookAOo23lKXAAAAAAAAAA==,dbs/6ookAA==/colls/6ookAOo23lI=/docs/6ookAOo23lKXAAAAAAAAAA==/,"""0200b3a7-0000-0a00-0000-680f5a0e0000""",attachments/,1745836558,
150,389,150,389,35023,985b90db-6616-4d3c-aed7-6c306991625e_page2_table1_pair20,985b90db-6616-4d3c-aed7-6c306991625e,2,1,6ookAOo23lKYAAAAAAAAAA==,dbs/6ookAA==/colls/6ookAOo23lI=/docs/6ookAOo23lKYAAAAAAAAAA==/,"""0200b4a7-0000-0a00-0000-680f5a0e0000""",attachments/,1745836558,
176,341,176,341,35023,985b90db-6616-4d3c-aed7-6c306991625e_page2_table1_pair21,985b90db-6616-4d3c-aed7-6c306991625e,2,1,6ookAOo23lKZAAAAAAAAAA==,dbs/6ookAA==/colls/6ookAOo23lI=/docs/6ookAOo23lKZAAAAAAAAAA==/,"""0200b5a7-0000-0a00-0000-680f5a0e0000""",attachments/,1745836558,
171,29,171,29,35023,985b90db-6616-4d3c-aed7-6c306991625e_page3_table1_pair0,985b90db-6616-4d3c-aed7-6c306991625e,3,1,6ookAOo23lKaAAAAAAAAAA==,dbs/6ookAA==/colls/6ookAOo23lI=/docs/6ookAOo23lKaAAAAAAAAAA==/,"""0200b9a7-0000-0a00-0000-680f5a180000""",attachments/,1745836568,
171,38.,171,38,35023,985b90db-6616-4d3c-aed7-6c306991625e_page3_table1_pair1,985b90db-6616-4d3c-aed7-6c306991625e,3,1,6ookAOo23lKbAAAAAAAAAA==,dbs/6ookAA==/colls/6ookAOo23lI=/docs/6ookAOo23lKbAAAAAAAAAA==/,"""0200bba7-0000-0a00-0000-680f5a180000""",attachments/,1745836568,
15/,202,15,202,35023,985b90db-6616-4d3c-aed7-6c306991625e_page3_table1_pair2,985b90db-6616-4d3c-aed7-6c306991625e,3,1,6ookAOo23lKcAAAAAAAAAA==,dbs/6ookAA==/colls/6ookAOo23lI=/docs/6ookAOo23lKcAAAAAAAAAA==/,"""0200bca7-0000-0a00-0000-680f5a180000""",attachments/,1745836568,
196,255,196,255,35023,985b90db-6616-4d3c-aed7-6c306991625e_page3_table1_pair3,985b90db-6616-4d3c-aed7-6c306991625e,3,1,6ookAOo23lKdAAAAAAAAAA==,dbs/6ookAA==/colls/6ookAOo23lI=/docs/6ookAOo23lKdAAAAAAAAAA==/,"""0200bda7-0000-0a00-0000-680f5a180000""",attachments/,1745836568,
196,256,196,256,35023,985b90db-6616-4d3c-aed7-6c306991625e_page3_table1_pair4,985b90db-6616-4d3c-aed7-6c306991625e,3,1,6ookAOo23lKeAAAAAAAAAA==,dbs/6ookAA==/colls/6ookAOo23lI=/docs/6ookAOo23lKeAAAAAAAAAA==/,"""0200bea7-0000-0a00-0000-680f5a180000""",attachments/,1745836568,
196,254.,196,254,35023,985b90db-6616-4d3c-aed7-6c306991625e_page3_table1_pair5,985b90db-6616-4d3c-aed7-6c306991625e,3,1,6ookAOo23lKfAAAAAAAAAA==,dbs/6ookAA==/colls/6ookAOo23lI=/docs/6ookAOo23lKfAAAAAAAAAA==/,"""0200bfa7-0000-0a00-0000-680f5a180000""",attachments/,1745836568,
182,285,182,285,35023,985b90db-6616-4d3c-aed7-6c306991625e_page3_table1_pair6,985b90db-6616-4d3c-aed7-6c306991625e,3,1,6ookAOo23lKgAAAAAAAAAA==,dbs/6ookAA==/colls/6ookAOo23lI=/docs/6ookAOo23lKgAAAAAAAAAA==/,"""0200c0a7-0000-0a00-0000-680f5a180000""",attachments/,1745836568,
180,356,180,356,35023,985b90db-6616-4d3c-aed7-6c306991625e_page3_table1_pair7,985b90db-6616-4d3c-aed7-6c306991625e,3,1,6ookAOo23lKhAAAAAAAAAA==,dbs/6ookAA==/colls/6ookAOo23lI=/docs/6ookAOo23lKhAAAAAAAAAA==/,"""0200c1a7-0000-0a00-0000-680f5a180000""",attachments/,1745836568,
179,347,179,347,35023,985b90db-6616-4d3c-aed7-6c306991625e_page3_table1_pair8,985b90db-6616-4d3c-aed7-6c306991625e,3,1,6ookAOo23lKiAAAAAAAAAA==,dbs/6ookAA==/colls/6ookAOo23lI=/docs/6ookAOo23lKiAAAAAAAAAA==/,"""0200c2a7-0000-0a00-0000-680f5a180000""",attachments/,1745836568,
179,217,179,217,35023,985b90db-6616-4d3c-aed7-6c306991625e_page3_table1_pair9,985b90db-6616-4d3c-aed7-6c306991625e,3,1,6ookAOo23lKjAAAAAAAAAA==,dbs/6ookAA==/colls/6ookAOo23lI=/docs/6ookAOo23lKjAAAAAAAAAA==/,"""0200c3a7-0000-0a00-0000-680f5a180000""",attachments/,1745836568,
182,268,182,268,35023,985b90db-6616-4d3c-aed7-6c306991625e_page3_table1_pair10,985b90db-6616-4d3c-aed7-6c306991625e,3,1,6ookAOo23lKkAAAAAAAAAA==,dbs/6ookAA==/colls/6ookAOo23lI=/docs/6ookAOo23lKkAAAAAAAAAA==/,"""0200c5a7-0000-0a00-0000-680f5a180000""",attachments/,1745836568,
151,3,151,3,35023,985b90db-6616-4d3c-aed7-6c306991625e_page3_table1_pair11,985b90db-6616-4d3c-aed7-6c306991625e,3,1,6ookAOo23lKlAAAAAAAAAA==,dbs/6ookAA==/colls/6ookAOo23lI=/docs/6ookAOo23lKlAAAAAAAAAA==/,"""0200c6a7-0000-0a00-0000-680f5a180000""",attachments/,1745836568,
172,420,172,420,35023,985b90db-6616-4d3c-aed7-6c306991625e_page3_table1_pair12,985b90db-6616-4d3c-aed7-6c306991625e,3,1,6ookAOo23lKmAAAAAAAAAA==,dbs/6ookAA==/colls/6ookAOo23lI=/docs/6ookAOo23lKmAAAAAAAAAA==/,"""0200c7a7-0000-0a00-0000-680f5a180000""",attachments/,1745836568,
196,106,196,106,35023,985b90db-6616-4d3c-aed7-6c306991625e_page3_table1_pair13,985b90db-6616-4d3c-aed7-6c306991625e,3,1,6ookAOo23lKnAAAAAAAAAA==,dbs/6ookAA==/colls/6ookAOo23lI=/docs/6ookAOo23lKnAAAAAAAAAA==/,"""0200c8a7-0000-0a00-0000-680f5a180000""",attachments/,1745836568,
196,107,196,107,35023,985b90db-6616-4d3c-aed7-6c306991625e_page3_table1_pair14,985b90db-6616-4d3c-aed7-6c306991625e,3,1,6ookAOo23lKoAAAAAAAAAA==,dbs/6ookAA==/colls/6ookAOo23lI=/docs/6ookAOo23lKoAAAAAAAAAA==/,"""0200c9a7-0000-0a00-0000-680f5a180000""",attachments/,1745836568,
196,108,196,108,35023,985b90db-6616-4d3c-aed7-6c306991625e_page3_table1_pair15,985b90db-6616-4d3c-aed7-6c306991625e,3,1,6ookAOo23lKpAAAAAAAAAA==,dbs/6ookAA==/colls/6ookAOo23lI=/docs/6ookAOo23lKpAAAAAAAAAA==/,"""0200cba7-0000-0a00-0000-680f5a180000""",attachments/,1745836568,
179,386,179,386,35023,985b90db-6616-4d3c-aed7-6c306991625e_page3_table1_pair16,985b90db-6616-4d3c-aed7-6c306991625e,3,1,6ookAOo23lKqAAAAAAAAAA==,dbs/6ookAA==/colls/6ookAOo23lI=/docs/6ookAOo23lKqAAAAAAAAAA==/,"""0200cca7-0000-0a00-0000-680f5a180000""",attachments/,1745836568,
195,101,195,101,35023,985b90db-6616-4d3c-aed7-6c306991625e_page3_table1_pair17,985b90db-6616-4d3c-aed7-6c306991625e,3,1,6ookAOo23lKrAAAAAAAAAA==,dbs/6ookAA==/colls/6ookAOo23lI=/docs/6ookAOo23lKrAAAAAAAAAA==/,"""0200cda7-0000-0a00-0000-680f5a180000""",attachments/,1745836568,
147,360:,147,360,35023,985b90db-6616-4d3c-aed7-6c306991625e_page3_table1_pair18,985b90db-6616-4d3c-aed7-6c306991625e,3,1,6ookAOo23lKsAAAAAAAAAA==,dbs/6ookAA==/colls/6ookAOo23lI=/docs/6ookAOo23lKsAAAAAAAAAA==/,"""0200cea7-0000-0a00-0000-680f5a180000""",attachments/,1745836568,
170,228,170,228,35023,985b90db-6616-4d3c-aed7-6c306991625e_page3_table1_pair19,985b90db-6616-4d3c-aed7-6c306991625e,3,1,6ookAOo23lKtAAAAAAAAAA==,dbs/6ookAA==/colls/6ookAOo23lI=/docs/6ookAOo23lKtAAAAAAAAAA==/,"""0200cfa7-0000-0a00-0000-680f5a180000""",attachments/,1745836568,
170,229,170,229,35023,985b90db-6616-4d3c-aed7-6c306991625e_page3_table1_pair20,985b90db-6616-4d3c-aed7-6c306991625e,3,1,6ookAOo23lKuAAAAAAAAAA==,dbs/6ookAA==/colls/6ookAOo23lI=/docs/6ookAOo23lKuAAAAAAAAAA==/,"""0200d0a7-0000-0a00-0000-680f5a180000""",attachments/,1745836568,
185,268,185,268,35023,985b90db-6616-4d3c-aed7-6c306991625e_page4_table1_pair0,985b90db-6616-4d3c-aed7-6c306991625e,4,1,6ookAOo23lKvAAAAAAAAAA==,dbs/6ookAA==/colls/6ookAOo23lI=/docs/6ookAOo23lKvAAAAAAAAAA==/,"""0200dda7-0000-0a00-0000-680f5a260000""",attachments/,1745836582,
157,548,157,548,35023,985b90db-6616-4d3c-aed7-6c306991625e_page4_table1_pair1,985b90db-6616-4d3c-aed7-6c306991625e,4,1,6ookAOo23lKwAAAAAAAAAA==,dbs/6ookAA==/colls/6ookAOo23lI=/docs/6ookAOo23lKwAAAAAAAAAA==/,"""0200dea7-0000-0a00-0000-680f5a260000""",attachments/,1745836582,
157,549,157,549,35023,985b90db-6616-4d3c-aed7-6c306991625e_page4_table1_pair2,985b90db-6616-4d3c-aed7-6c306991625e,4,1,6ookAOo23lKxAAAAAAAAAA==,dbs/6ookAA==/colls/6ookAOo23lI=/docs/6ookAOo23lKxAAAAAAAAAA==/,"""0200dfa7-0000-0a00-0000-680f5a260000""",attachments/,1745836582,
157,430,157,430,35023,985b90db-6616-4d3c-aed7-6c306991625e_page4_table1_pair3,985b90db-6616-4d3c-aed7-6c306991625e,4,1,6ookAOo23lKyAAAAAAAAAA==,dbs/6ookAA==/colls/6ookAOo23lI=/docs/6ookAOo23lKyAAAAAAAAAA==/,"""0200e0a7-0000-0a00-0000-680f5a260000""",attachments/,1745836582,
157,431,157,431,35023,985b90db-6616-4d3c-aed7-6c306991625e_page4_table1_pair4,985b90db-6616-4d3c-aed7-6c306991625e,4,1,6ookAOo23lKzAAAAAAAAAA==,dbs/6ookAA==/colls/6ookAOo23lI=/docs/6ookAOo23lKzAAAAAAAAAA==/,"""0200e1a7-0000-0a00-0000-680f5a260000""",attachments/,1745836582,
143,258.,143,258,35023,985b90db-6616-4d3c-aed7-6c306991625e_page4_table1_pair5,985b90db-6616-4d3c-aed7-6c306991625e,4,1,6ookAOo23lK0AAAAAAAAAA==,dbs/6ookAA==/colls/6ookAOo23lI=/docs/6ookAOo23lK0AAAAAAAAAA==/,"""0200e2a7-0000-0a00-0000-680f5a260000""",attachments/,1745836582,
185,95,185,95,35023,985b90db-6616-4d3c-aed7-6c306991625e_page4_table1_pair6,985b90db-6616-4d3c-aed7-6c306991625e,4,1,6ookAOo23lK1AAAAAAAAAA==,dbs/6ookAA==/colls/6ookAOo23lI=/docs/6ookAOo23lK1AAAAAAAAAA==/,"""0200e3a7-0000-0a00-0000-680f5a260000""",attachments/,1745836582,
142,205,142,205,35023,985b90db-6616-4d3c-aed7-6c306991625e_page4_table1_pair7,985b90db-6616-4d3c-aed7-6c306991625e,4,1,6ookAOo23lK2AAAAAAAAAA==,dbs/6ookAA==/colls/6ookAOo23lI=/docs/6ookAOo23lK2AAAAAAAAAA==/,"""0200e4a7-0000-0a00-0000-680f5a260000""",attachments/,1745836582,
142,207,142,207,35023,985b90db-6616-4d3c-aed7-6c306991625e_page4_table1_pair8,985b90db-6616-4d3c-aed7-6c306991625e,4,1,6ookAOo23lK3AAAAAAAAAA==,dbs/6ookAA==/colls/6ookAOo23lI=/docs/6ookAOo23lK3AAAAAAAAAA==/,"""0200e5a7-0000-0a00-0000-680f5a260000""",attachments/,1745836582,
157,550,157,550,35023,985b90db-6616-4d3c-aed7-6c306991625e_page4_table1_pair9,985b90db-6616-4d3c-aed7-6c306991625e,4,1,6ookAOo23lK4AAAAAAAAAA==,dbs/6ookAA==/colls/6ookAOo23lI=/docs/6ookAOo23lK4AAAAAAAAAA==/,"""0200e6a7-0000-0a00-0000-680f5a260000""",attachments/,1745836582,
166,267,166,267,35023,985b90db-6616-4d3c-aed7-6c306991625e_page4_table1_pair10,985b90db-6616-4d3c-aed7-6c306991625e,4,1,6ookAOo23lK5AAAAAAAAAA==,dbs/6ookAA==/colls/6ookAOo23lI=/docs/6ookAOo23lK5AAAAAAAAAA==/,"""0200e7a7-0000-0a00-0000-680f5a260000""",attachments/,1745836582,
163,465,163,465,35023,985b90db-6616-4d3c-aed7-6c306991625e_page4_table1_pair11,985b90db-6616-4d3c-aed7-6c306991625e,4,1,6ookAOo23lK6AAAAAAAAAA==,dbs/6ookAA==/colls/6ookAOo23lI=/docs/6ookAOo23lK6AAAAAAAAAA==/,"""0200e8a7-0000-0a00-0000-680f5a260000""",attachments/,1745836582,
163,464,163,464,35023,985b90db-6616-4d3c-aed7-6c306991625e_page4_table1_pair12,985b90db-6616-4d3c-aed7-6c306991625e,4,1,6ookAOo23lK7AAAAAAAAAA==,dbs/6ookAA==/colls/6ookAOo23lI=/docs/6ookAOo23lK7AAAAAAAAAA==/,"""0200e9a7-0000-0a00-0000-680f5a260000""",attachments/,1745836582,
155,218,155,218,35023,985b90db-6616-4d3c-aed7-6c306991625e_page4_table1_pair13,985b90db-6616-4d3c-aed7-6c306991625e,4,1,6ookAOo23lK8AAAAAAAAAA==,dbs/6ookAA==/colls/6ookAOo23lI=/docs/6ookAOo23lK8AAAAAAAAAA==/,"""0200eaa7-0000-0a00-0000-680f5a260000""",attachments/,1745836582,
155,219,155,219,35023,985b90db-6616-4d3c-aed7-6c306991625e_page4_table1_pair14,985b90db-6616-4d3c-aed7-6c306991625e,4,1,6ookAOo23lK9AAAAAAAAAA==,dbs/6ookAA==/colls/6ookAOo23lI=/docs/6ookAOo23lK9AAAAAAAAAA==/,"""0200eba7-0000-0a00-0000-680f5a260000""",attachments/,1745836582,
155,226,155,226,35023,985b90db-6616-4d3c-aed7-6c306991625e_page4_table1_pair15,985b90db-6616-4d3c-aed7-6c306991625e,4,1,6ookAOo23lK+AAAAAAAAAA==,dbs/6ookAA==/colls/6ookAOo23lI=/docs/6ookAOo23lK+AAAAAAAAAA==/,"""0200eca7-0000-0a00-0000-680f5a260000""",attachments/,1745836582,
163,25,163,25,35023,985b90db-6616-4d3c-aed7-6c306991625e_page4_table1_pair16,985b90db-6616-4d3c-aed7-6c306991625e,4,1,6ookAOo23lK-AAAAAAAAAA==,dbs/6ookAA==/colls/6ookAOo23lI=/docs/6ookAOo23lK-AAAAAAAAAA==/,"""0200eda7-0000-0a00-0000-680f5a260000""",attachments/,1745836582,
163,28,163,28,35023,985b90db-6616-4d3c-aed7-6c306991625e_page4_table1_pair17,985b90db-6616-4d3c-aed7-6c306991625e,4,1,6ookAOo23lLAAAAAAAAAAA==,dbs/6ookAA==/colls/6ookAOo23lI=/docs/6ookAOo23lLAAAAAAAAAAA==/,"""0200eea7-0000-0a00-0000-680f5a260000""",attachments/,1745836582,
142,186,142,186,35023,985b90db-6616-4d3c-aed7-6c306991625e_page4_table1_pair18,985b90db-6616-4d3c-aed7-6c306991625e,4,1,6ookAOo23lLBAAAAAAAAAA==,dbs/6ookAA==/colls/6ookAOo23lI=/docs/6ookAOo23lLBAAAAAAAAAA==/,"""0200efa7-0000-0a00-0000-680f5a260000""",attachments/,1745836582,
142,396,142,396,35023,985b90db-6616-4d3c-aed7-6c306991625e_page4_table1_pair19,985b90db-6616-4d3c-aed7-6c306991625e,4,1,6ookAOo23lLCAAAAAAAAAA==,dbs/6ookAA==/colls/6ookAOo23lI=/docs/6ookAOo23lLCAAAAAAAAAA==/,"""0200f0a7-0000-0a00-0000-680f5a260000""",attachments/,1745836582,
166,93,166,93,35023,985b90db-6616-4d3c-aed7-6c306991625e_page4_table1_pair20,985b90db-6616-4d3c-aed7-6c306991625e,4,1,6ookAOo23lLDAAAAAAAAAA==,dbs/6ookAA==/colls/6ookAOo23lI=/docs/6ookAOo23lLDAAAAAAAAAA==/,"""0200f1a7-0000-0a00-0000-680f5a260000""",attachments/,1745836582,
157,264,157,264,35023,985b90db-6616-4d3c-aed7-6c306991625e_page4_table1_pair21,985b90db-6616-4d3c-aed7-6c306991625e,4,1,6ookAOo23lLEAAAAAAAAAA==,dbs/6ookAA==/colls/6ookAOo23lI=/docs/6ookAOo23lLEAAAAAAAAAA==/,"""0200f2a7-0000-0a00-0000-680f5a260000""",attachments/,1745836582,
145 -,392,145,392,35023,985b90db-6616-4d3c-aed7-6c306991625e_page5_table1_pair0,985b90db-6616-4d3c-aed7-6c306991625e,5,1,6ookAOo23lLFAAAAAAAAAA==,dbs/6ookAA==/colls/6ookAOo23lI=/docs/6ookAOo23lLFAAAAAAAAAA==/,"""0200fca7-0000-0a00-0000-680f5a340000""",attachments/,1745836596,
157,316,157,316,35023,985b90db-6616-4d3c-aed7-6c306991625e_page5_table1_pair1,985b90db-6616-4d3c-aed7-6c306991625e,5,1,6ookAOo23lLGAAAAAAAAAA==,dbs/6ookAA==/colls/6ookAOo23lI=/docs/6ookAOo23lLGAAAAAAAAAA==/,"""0200fda7-0000-0a00-0000-680f5a340000""",attachments/,1745836596,
157,3/7/317,157,37317,35023,985b90db-6616-4d3c-aed7-6c306991625e_page5_table1_pair2,985b90db-6616-4d3c-aed7-6c306991625e,5,1,6ookAOo23lLHAAAAAAAAAA==,dbs/6ookAA==/colls/6ookAOo23lI=/docs/6ookAOo23lLHAAAAAAAAAA==/,"""0200fea7-0000-0a00-0000-680f5a340000""",attachments/,1745836596,
163,15.9,163,159,35023,985b90db-6616-4d3c-aed7-6c306991625e_page5_table1_pair3,985b90db-6616-4d3c-aed7-6c306991625e,5,1,6ookAOo23lLIAAAAAAAAAA==,dbs/6ookAA==/colls/6ookAOo23lI=/docs/6ookAOo23lLIAAAAAAAAAA==/,"""0200ffa7-0000-0a00-0000-680f5a340000""",attachments/,1745836596,
156,36,156,36,35023,985b90db-6616-4d3c-aed7-6c306991625e_page5_table1_pair4,985b90db-6616-4d3c-aed7-6c306991625e,5,1,6ookAOo23lLJAAAAAAAAAA==,dbs/6ookAA==/colls/6ookAOo23lI=/docs/6ookAOo23lLJAAAAAAAAAA==/,"""020000a8-0000-0a00-0000-680f5a340000""",attachments/,1745836596,
143,383,143,383,35023,985b90db-6616-4d3c-aed7-6c306991625e_page5_table1_pair5,985b90db-6616-4d3c-aed7-6c306991625e,5,1,6ookAOo23lLKAAAAAAAAAA==,dbs/6ookAA==/colls/6ookAOo23lI=/docs/6ookAOo23lLKAAAAAAAAAA==/,"""020001a8-0000-0a00-0000-680f5a340000""",attachments/,1745836596,
143,334,143,334,35023,985b90db-6616-4d3c-aed7-6c306991625e_page5_table1_pair6,985b90db-6616-4d3c-aed7-6c306991625e,5,1,6ookAOo23lLLAAAAAAAAAA==,dbs/6ookAA==/colls/6ookAOo23lI=/docs/6ookAOo23lLLAAAAAAAAAA==/,"""020002a8-0000-0a00-0000-680f5a340000""",attachments/,1745836596,
146,84,146,84,35023,985b90db-6616-4d3c-aed7-6c306991625e_page5_table1_pair7,985b90db-6616-4d3c-aed7-6c306991625e,5,1,6ookAOo23lLMAAAAAAAAAA==,dbs/6ookAA==/colls/6ookAOo23lI=/docs/6ookAOo23lLMAAAAAAAAAA==/,"""020003a8-0000-0a00-0000-680f5a340000""",attachments/,1745836596,
146,33,146,33,35023,985b90db-6616-4d3c-aed7-6c306991625e_page5_table1_pair8,985b90db-6616-4d3c-aed7-6c306991625e,5,1,6ookAOo23lLNAAAAAAAAAA==,dbs/6ookAA==/colls/6ookAOo23lI=/docs/6ookAOo23lLNAAAAAAAAAA==/,"""020004a8-0000-0a00-0000-680f5a340000""",attachments/,1745836596,
144,317,144,317,35023,985b90db-6616-4d3c-aed7-6c306991625e_page5_table1_pair9,985b90db-6616-4d3c-aed7-6c306991625e,5,1,6ookAOo23lLOAAAAAAAAAA==,dbs/6ookAA==/colls/6ookAOo23lI=/docs/6ookAOo23lLOAAAAAAAAAA==/,"""020005a8-0000-0a00-0000-680f5a340000""",attachments/,1745836596,
141,392,141,392,35023,985b90db-6616-4d3c-aed7-6c306991625e_page5_table1_pair10,985b90db-6616-4d3c-aed7-6c306991625e,5,1,6ookAOo23lLPAAAAAAAAAA==,dbs/6ookAA==/colls/6ookAOo23lI=/docs/6ookAOo23lLPAAAAAAAAAA==/,"""020006a8-0000-0a00-0000-680f5a340000""",attachments/,1745836596,
157,585,157,585,35023,985b90db-6616-4d3c-aed7-6c306991625e_page5_table1_pair11,985b90db-6616-4d3c-aed7-6c306991625e,5,1,6ookAOo23lLQAAAAAAAAAA==,dbs/6ookAA==/colls/6ookAOo23lI=/docs/6ookAOo23lLQAAAAAAAAAA==/,"""020007a8-0000-0a00-0000-680f5a340000""",attachments/,1745836596,
157,586,157,586,35023,985b90db-6616-4d3c-aed7-6c306991625e_page5_table1_pair12,985b90db-6616-4d3c-aed7-6c306991625e,5,1,6ookAOo23lLRAAAAAAAAAA==,dbs/6ookAA==/colls/6ookAOo23lI=/docs/6ookAOo23lLRAAAAAAAAAA==/,"""020008a8-0000-0a00-0000-680f5a340000""",attachments/,1745836596,
184,93,184,93,35023,985b90db-6616-4d3c-aed7-6c306991625e_page5_table1_pair13,985b90db-6616-4d3c-aed7-6c306991625e,5,1,6ookAOo23lLSAAAAAAAAAA==,dbs/6ookAA==/colls/6ookAOo23lI=/docs/6ookAOo23lLSAAAAAAAAAA==/,"""020009a8-0000-0a00-0000-680f5a340000""",attachments/,1745836596,
184,94,184,94,35023,985b90db-6616-4d3c-aed7-6c306991625e_page5_table1_pair14,985b90db-6616-4d3c-aed7-6c306991625e,5,1,6ookAOo23lLTAAAAAAAAAA==,dbs/6ookAA==/colls/6ookAOo23lI=/docs/6ookAOo23lLTAAAAAAAAAA==/,"""02000aa8-0000-0a00-0000-680f5a340000""",attachments/,1745836596,
185,92,185,92,35023,985b90db-6616-4d3c-aed7-6c306991625e_page5_table1_pair15,985b90db-6616-4d3c-aed7-6c306991625e,5,1,6ookAOo23lLUAAAAAAAAAA==,dbs/6ookAA==/colls/6ookAOo23lI=/docs/6ookAOo23lLUAAAAAAAAAA==/,"""02000ba8-0000-0a00-0000-680f5a340000""",attachments/,1745836596,
145,247,145,247,35023,985b90db-6616-4d3c-aed7-6c306991625e_page5_table1_pair16,985b90db-6616-4d3c-aed7-6c306991625e,5,1,6ookAOo23lLVAAAAAAAAAA==,dbs/6ookAA==/colls/6ookAOo23lI=/docs/6ookAOo23lLVAAAAAAAAAA==/,"""02000ca8-0000-0a00-0000-680f5a340000""",attachments/,1745836596,
145,246,145,246,35023,985b90db-6616-4d3c-aed7-6c306991625e_page5_table1_pair17,985b90db-6616-4d3c-aed7-6c306991625e,5,1,6ookAOo23lLWAAAAAAAAAA==,dbs/6ookAA==/colls/6ookAOo23lI=/docs/6ookAOo23lLWAAAAAAAAAA==/,"""02000da8-0000-0a00-0000-680f5a340000""",attachments/,1745836596,
163,103,163,103,35023,985b90db-6616-4d3c-aed7-6c306991625e_page5_table1_pair18,985b90db-6616-4d3c-aed7-6c306991625e,5,1,6ookAOo23lLXAAAAAAAAAA==,dbs/6ookAA==/colls/6ookAOo23lI=/docs/6ookAOo23lLXAAAAAAAAAA==/,"""02000ea8-0000-0a00-0000-680f5a340000""",attachments/,1745836596,
141,411.,141,411,35023,985b90db-6616-4d3c-aed7-6c306991625e_page5_table1_pair19,985b90db-6616-4d3c-aed7-6c306991625e,5,1,6ookAOo23lLYAAAAAAAAAA==,dbs/6ookAA==/colls/6ookAOo23lI=/docs/6ookAOo23lLYAAAAAAAAAA==/,"""02000fa8-0000-0a00-0000-680f5a340000""",attachments/,1745836596,
157,29.,157,29,35023,985b90db-6616-4d3c-aed7-6c306991625e_page5_table1_pair20,985b90db-6616-4d3c-aed7-6c306991625e,5,1,6ookAOo23lLZAAAAAAAAAA==,dbs/6ookAA==/colls/6ookAOo23lI=/docs/6ookAOo23lLZAAAAAAAAAA==/,"""020010a8-0000-0a00-0000-680f5a340000""",attachments/,1745836596,
166,466,166,466,35023,985b90db-6616-4d3c-aed7-6c306991625e_page5_table1_pair21,985b90db-6616-4d3c-aed7-6c306991625e,5,1,6ookAOo23lLaAAAAAAAAAA==,dbs/6ookAA==/colls/6ookAOo23lI=/docs/6ookAOo23lLaAAAAAAAAAA==/,"""020011a8-0000-0a00-0000-680f5a340000""",attachments/,1745836596,
133,216,133,216,35023,563d4203-d626-4626-9f14-83dba55738ef_page1_table1_pair0,563d4203-d626-4626-9f14-83dba55738ef,1,1,6ookAOo23lLbAAAAAAAAAA==,dbs/6ookAA==/colls/6ookAOo23lI=/docs/6ookAOo23lLbAAAAAAAAAA==/,"""020091b3-0000-0a00-0000-680f6be30000""",attachments/,1745841123,
139,252,139,252,35023,563d4203-d626-4626-9f14-83dba55738ef_page1_table1_pair1,563d4203-d626-4626-9f14-83dba55738ef,1,1,6ookAOo23lLcAAAAAAAAAA==,dbs/6ookAA==/colls/6ookAOo23lI=/docs/6ookAOo23lLcAAAAAAAAAA==/,"""020092b3-0000-0a00-0000-680f6be30000""",attachments/,1745841123,
139,253,139,253,35023,563d4203-d626-4626-9f14-83dba55738ef_page1_table1_pair2,563d4203-d626-4626-9f14-83dba55738ef,1,1,6ookAOo23lLdAAAAAAAAAA==,dbs/6ookAA==/colls/6ookAOo23lI=/docs/6ookAOo23lLdAAAAAAAAAA==/,"""020093b3-0000-0a00-0000-680f6be30000""",attachments/,1745841123,
177,270,177,270,35023,563d4203-d626-4626-9f14-83dba55738ef_page1_table1_pair3,563d4203-d626-4626-9f14-83dba55738ef,1,1,6ookAOo23lLeAAAAAAAAAA==,dbs/6ookAA==/colls/6ookAOo23lI=/docs/6ookAOo23lLeAAAAAAAAAA==/,"""020094b3-0000-0a00-0000-680f6be30000""",attachments/,1745841123,
177,269,177,269,35023,563d4203-d626-4626-9f14-83dba55738ef_page1_table1_pair4,563d4203-d626-4626-9f14-83dba55738ef,1,1,6ookAOo23lLfAAAAAAAAAA==,dbs/6ookAA==/colls/6ookAOo23lI=/docs/6ookAOo23lLfAAAAAAAAAA==/,"""020095b3-0000-0a00-0000-680f6be30000""",attachments/,1745841123,
148,108,148,108,35023,563d4203-d626-4626-9f14-83dba55738ef_page1_table1_pair5,563d4203-d626-4626-9f14-83dba55738ef,1,1,6ookAOo23lLgAAAAAAAAAA==,dbs/6ookAA==/colls/6ookAOo23lI=/docs/6ookAOo23lLgAAAAAAAAAA==/,"""020096b3-0000-0a00-0000-680f6be30000""",attachments/,1745841123,
138,276,138,276,35023,563d4203-d626-4626-9f14-83dba55738ef_page1_table1_pair6,563d4203-d626-4626-9f14-83dba55738ef,1,1,6ookAOo23lLhAAAAAAAAAA==,dbs/6ookAA==/colls/6ookAOo23lI=/docs/6ookAOo23lLhAAAAAAAAAA==/,"""020097b3-0000-0a00-0000-680f6be30000""",attachments/,1745841123,
134,253,134,253,35023,563d4203-d626-4626-9f14-83dba55738ef_page1_table1_pair7,563d4203-d626-4626-9f14-83dba55738ef,1,1,6ookAOo23lLiAAAAAAAAAA==,dbs/6ookAA==/colls/6ookAOo23lI=/docs/6ookAOo23lLiAAAAAAAAAA==/,"""020098b3-0000-0a00-0000-680f6be30000""",attachments/,1745841123,
134,254,134,254,35023,563d4203-d626-4626-9f14-83dba55738ef_page1_table1_pair8,563d4203-d626-4626-9f14-83dba55738ef,1,1,6ookAOo23lLjAAAAAAAAAA==,dbs/6ookAA==/colls/6ookAOo23lI=/docs/6ookAOo23lLjAAAAAAAAAA==/,"""020099b3-0000-0a00-0000-680f6be30000""",attachments/,1745841123,
132,347,132,347,35023,563d4203-d626-4626-9f14-83dba55738ef_page1_table1_pair9,563d4203-d626-4626-9f14-83dba55738ef,1,1,6ookAOo23lLkAAAAAAAAAA==,dbs/6ookAA==/colls/6ookAOo23lI=/docs/6ookAOo23lLkAAAAAAAAAA==/,"""02009ab3-0000-0a00-0000-680f6be30000""",attachments/,1745841123,
148,486,148,486,35023,563d4203-d626-4626-9f14-83dba55738ef_page1_table1_pair10,563d4203-d626-4626-9f14-83dba55738ef,1,1,6ookAOo23lLlAAAAAAAAAA==,dbs/6ookAA==/colls/6ookAOo23lI=/docs/6ookAOo23lLlAAAAAAAAAA==/,"""02009bb3-0000-0a00-0000-680f6be30000""",attachments/,1745841123,
148,408,148,408,35023,563d4203-d626-4626-9f14-83dba55738ef_page1_table1_pair11,563d4203-d626-4626-9f14-83dba55738ef,1,1,6ookAOo23lLmAAAAAAAAAA==,dbs/6ookAA==/colls/6ookAOo23lI=/docs/6ookAOo23lLmAAAAAAAAAA==/,"""02009cb3-0000-0a00-0000-680f6be30000""",attachments/,1745841123,
134,323,134,323,35023,563d4203-d626-4626-9f14-83dba55738ef_page1_table1_pair12,563d4203-d626-4626-9f14-83dba55738ef,1,1,6ookAOo23lLnAAAAAAAAAA==,dbs/6ookAA==/colls/6ookAOo23lI=/docs/6ookAOo23lLnAAAAAAAAAA==/,"""02009db3-0000-0a00-0000-680f6be30000""",attachments/,1745841123,
148,407,148,407,35023,563d4203-d626-4626-9f14-83dba55738ef_page1_table1_pair13,563d4203-d626-4626-9f14-83dba55738ef,1,1,6ookAOo23lLoAAAAAAAAAA==,dbs/6ookAA==/colls/6ookAOo23lI=/docs/6ookAOo23lLoAAAAAAAAAA==/,"""02009eb3-0000-0a00-0000-680f6be30000""",attachments/,1745841123,
136,372,136,372,35023,563d4203-d626-4626-9f14-83dba55738ef_page1_table1_pair14,563d4203-d626-4626-9f14-83dba55738ef,1,1,6ookAOo23lLpAAAAAAAAAA==,dbs/6ookAA==/colls/6ookAOo23lI=/docs/6ookAOo23lLpAAAAAAAAAA==/,"""02009fb3-0000-0a00-0000-680f6be30000""",attachments/,1745841123,
132,262,132,262,35023,563d4203-d626-4626-9f14-83dba55738ef_page1_table1_pair15,563d4203-d626-4626-9f14-83dba55738ef,1,1,6ookAOo23lLqAAAAAAAAAA==,dbs/6ookAA==/colls/6ookAOo23lI=/docs/6ookAOo23lLqAAAAAAAAAA==/,"""0200a0b3-0000-0a00-0000-680f6be30000""",attachments/,1745841123,
132,270,132,270,35023,563d4203-d626-4626-9f14-83dba55738ef_page1_table1_pair16,563d4203-d626-4626-9f14-83dba55738ef,1,1,6ookAOo23lLrAAAAAAAAAA==,dbs/6ookAA==/colls/6ookAOo23lI=/docs/6ookAOo23lLrAAAAAAAAAA==/,"""0200a1b3-0000-0a00-0000-680f6be30000""",attachments/,1745841123,
135,152,135,152,35023,563d4203-d626-4626-9f14-83dba55738ef_page1_table1_pair17,563d4203-d626-4626-9f14-83dba55738ef,1,1,6ookAOo23lLsAAAAAAAAAA==,dbs/6ookAA==/colls/6ookAOo23lI=/docs/6ookAOo23lLsAAAAAAAAAA==/,"""0200a2b3-0000-0a00-0000-680f6be30000""",attachments/,1745841123,
135,151,135,151,35023,563d4203-d626-4626-9f14-83dba55738ef_page1_table1_pair18,563d4203-d626-4626-9f14-83dba55738ef,1,1,6ookAOo23lLtAAAAAAAAAA==,dbs/6ookAA==/colls/6ookAOo23lI=/docs/6ookAOo23lLtAAAAAAAAAA==/,"""0200a3b3-0000-0a00-0000-680f6be30000""",attachments/,1745841123,
176,29/,176,29,35023,563d4203-d626-4626-9f14-83dba55738ef_page1_table1_pair19,563d4203-d626-4626-9f14-83dba55738ef,1,1,6ookAOo23lLuAAAAAAAAAA==,dbs/6ookAA==/colls/6ookAOo23lI=/docs/6ookAOo23lLuAAAAAAAAAA==/,"""0200a4b3-0000-0a00-0000-680f6be30000""",attachments/,1745841123,
176,293,176,293,35023,563d4203-d626-4626-9f14-83dba55738ef_page1_table1_pair20,563d4203-d626-4626-9f14-83dba55738ef,1,1,6ookAOo23lLvAAAAAAAAAA==,dbs/6ookAA==/colls/6ookAOo23lI=/docs/6ookAOo23lLvAAAAAAAAAA==/,"""0200a5b3-0000-0a00-0000-680f6be30000""",attachments/,1745841123,
136,339,136,339,35023,563d4203-d626-4626-9f14-83dba55738ef_page1_table1_pair21,563d4203-d626-4626-9f14-83dba55738ef,1,1,6ookAOo23lLwAAAAAAAAAA==,dbs/6ookAA==/colls/6ookAOo23lI=/docs/6ookAOo23lLwAAAAAAAAAA==/,"""0200a6b3-0000-0a00-0000-680f6be30000""",attachments/,1745841123,
136,5%.,136,5,35023,563d4203-d626-4626-9f14-83dba55738ef_page2_table1_pair0,563d4203-d626-4626-9f14-83dba55738ef,2,1,6ookAOo23lLxAAAAAAAAAA==,dbs/6ookAA==/colls/6ookAOo23lI=/docs/6ookAOo23lLxAAAAAAAAAA==/,"""0200b9b3-0000-0a00-0000-680f6bf10000""",attachments/,1745841137,
176,386,176,386,35023,563d4203-d626-4626-9f14-83dba55738ef_page2_table1_pair1,563d4203-d626-4626-9f14-83dba55738ef,2,1,6ookAOo23lLyAAAAAAAAAA==,dbs/6ookAA==/colls/6ookAOo23lI=/docs/6ookAOo23lLyAAAAAAAAAA==/,"""0200bab3-0000-0a00-0000-680f6bf10000""",attachments/,1745841137,
.136,72.,136,72,35023,563d4203-d626-4626-9f14-83dba55738ef_page2_table1_pair2,563d4203-d626-4626-9f14-83dba55738ef,2,1,6ookAOo23lLzAAAAAAAAAA==,dbs/6ookAA==/colls/6ookAOo23lI=/docs/6ookAOo23lLzAAAAAAAAAA==/,"""0200bbb3-0000-0a00-0000-680f6bf10000""",attachments/,1745841137,
132,200,132,200,35023,563d4203-d626-4626-9f14-83dba55738ef_page2_table1_pair3,563d4203-d626-4626-9f14-83dba55738ef,2,1,6ookAOo23lL0AAAAAAAAAA==,dbs/6ookAA==/colls/6ookAOo23lI=/docs/6ookAOo23lL0AAAAAAAAAA==/,"""0200bcb3-0000-0a00-0000-680f6bf10000""",attachments/,1745841137,
140,160,140,160,35023,563d4203-d626-4626-9f14-83dba55738ef_page2_table1_pair4,563d4203-d626-4626-9f14-83dba55738ef,2,1,6ookAOo23lL1AAAAAAAAAA==,dbs/6ookAA==/colls/6ookAOo23lI=/docs/6ookAOo23lL1AAAAAAAAAA==/,"""0200bdb3-0000-0a00-0000-680f6bf10000""",attachments/,1745841137,
177,SIS,177,,35023,563d4203-d626-4626-9f14-83dba55738ef_page2_table1_pair5,563d4203-d626-4626-9f14-83dba55738ef,2,1,6ookAOo23lL2AAAAAAAAAA==,dbs/6ookAA==/colls/6ookAOo23lI=/docs/6ookAOo23lL2AAAAAAAAAA==/,"""0200beb3-0000-0a00-0000-680f6bf10000""",attachments/,1745841137,
177,397,177,397,35023,563d4203-d626-4626-9f14-83dba55738ef_page2_table1_pair6,563d4203-d626-4626-9f14-83dba55738ef,2,1,6ookAOo23lL3AAAAAAAAAA==,dbs/6ookAA==/colls/6ookAOo23lI=/docs/6ookAOo23lL3AAAAAAAAAA==/,"""0200bfb3-0000-0a00-0000-680f6bf10000""",attachments/,1745841137,
138,253.,138,253,35023,563d4203-d626-4626-9f14-83dba55738ef_page2_table1_pair7,563d4203-d626-4626-9f14-83dba55738ef,2,1,6ookAOo23lL4AAAAAAAAAA==,dbs/6ookAA==/colls/6ookAOo23lI=/docs/6ookAOo23lL4AAAAAAAAAA==/,"""0200c0b3-0000-0a00-0000-680f6bf10000""",attachments/,1745841137,
173,160,173,160,35023,563d4203-d626-4626-9f14-83dba55738ef_page2_table1_pair8,563d4203-d626-4626-9f14-83dba55738ef,2,1,6ookAOo23lL5AAAAAAAAAA==,dbs/6ookAA==/colls/6ookAOo23lI=/docs/6ookAOo23lL5AAAAAAAAAA==/,"""0200c1b3-0000-0a00-0000-680f6bf10000""",attachments/,1745841137,
139,69,139,69,35023,563d4203-d626-4626-9f14-83dba55738ef_page2_table1_pair9,563d4203-d626-4626-9f14-83dba55738ef,2,1,6ookAOo23lL6AAAAAAAAAA==,dbs/6ookAA==/colls/6ookAOo23lI=/docs/6ookAOo23lL6AAAAAAAAAA==/,"""0200c2b3-0000-0a00-0000-680f6bf10000""",attachments/,1745841137,
139,70,139,70,35023,563d4203-d626-4626-9f14-83dba55738ef_page2_table1_pair10,563d4203-d626-4626-9f14-83dba55738ef,2,1,6ookAOo23lL7AAAAAAAAAA==,dbs/6ookAA==/colls/6ookAOo23lI=/docs/6ookAOo23lL7AAAAAAAAAA==/,"""0200c3b3-0000-0a00-0000-680f6bf10000""",attachments/,1745841137,
176,"377,",176,377,35023,563d4203-d626-4626-9f14-83dba55738ef_page2_table1_pair11,563d4203-d626-4626-9f14-83dba55738ef,2,1,6ookAOo23lL8AAAAAAAAAA==,dbs/6ookAA==/colls/6ookAOo23lI=/docs/6ookAOo23lL8AAAAAAAAAA==/,"""0200c4b3-0000-0a00-0000-680f6bf10000""",attachments/,1745841137,
148,306,148,306,35023,563d4203-d626-4626-9f14-83dba55738ef_page2_table1_pair12,563d4203-d626-4626-9f14-83dba55738ef,2,1,6ookAOo23lL9AAAAAAAAAA==,dbs/6ookAA==/colls/6ookAOo23lI=/docs/6ookAOo23lL9AAAAAAAAAA==/,"""0200c5b3-0000-0a00-0000-680f6bf10000""",attachments/,1745841137,
148,307,148,307,35023,563d4203-d626-4626-9f14-83dba55738ef_page2_table1_pair13,563d4203-d626-4626-9f14-83dba55738ef,2,1,6ookAOo23lL+AAAAAAAAAA==,dbs/6ookAA==/colls/6ookAOo23lI=/docs/6ookAOo23lL+AAAAAAAAAA==/,"""0200c6b3-0000-0a00-0000-680f6bf10000""",attachments/,1745841137,
1.34,15.,134,15,35023,563d4203-d626-4626-9f14-83dba55738ef_page2_table1_pair14,563d4203-d626-4626-9f14-83dba55738ef,2,1,6ookAOo23lL-AAAAAAAAAA==,dbs/6ookAA==/colls/6ookAOo23lI=/docs/6ookAOo23lL-AAAAAAAAAA==/,"""0200c7b3-0000-0a00-0000-680f6bf10000""",attachments/,1745841137,
134,14,134,14,35023,563d4203-d626-4626-9f14-83dba55738ef_page2_table1_pair15,563d4203-d626-4626-9f14-83dba55738ef,2,1,6ookAOo23lIAAQAAAAAAAA==,dbs/6ookAA==/colls/6ookAOo23lI=/docs/6ookAOo23lIAAQAAAAAAAA==/,"""0200c8b3-0000-0a00-0000-680f6bf10000""",attachments/,1745841137,
148,196,148,196,35023,563d4203-d626-4626-9f14-83dba55738ef_page2_table1_pair16,563d4203-d626-4626-9f14-83dba55738ef,2,1,6ookAOo23lIBAQAAAAAAAA==,dbs/6ookAA==/colls/6ookAOo23lI=/docs/6ookAOo23lIBAQAAAAAAAA==/,"""0200c9b3-0000-0a00-0000-680f6bf10000""",attachments/,1745841137,
176,233,176,233,35023,563d4203-d626-4626-9f14-83dba55738ef_page2_table1_pair17,563d4203-d626-4626-9f14-83dba55738ef,2,1,6ookAOo23lICAQAAAAAAAA==,dbs/6ookAA==/colls/6ookAOo23lI=/docs/6ookAOo23lICAQAAAAAAAA==/,"""0200cab3-0000-0a00-0000-680f6bf10000""",attachments/,1745841137,
176,234,176,234,35023,563d4203-d626-4626-9f14-83dba55738ef_page2_table1_pair18,563d4203-d626-4626-9f14-83dba55738ef,2,1,6ookAOo23lIDAQAAAAAAAA==,dbs/6ookAA==/colls/6ookAOo23lI=/docs/6ookAOo23lIDAQAAAAAAAA==/,"""0200cbb3-0000-0a00-0000-680f6bf10000""",attachments/,1745841137,
132,23,132,23,35023,563d4203-d626-4626-9f14-83dba55738ef_page2_table1_pair19,563d4203-d626-4626-9f14-83dba55738ef,2,1,6ookAOo23lIEAQAAAAAAAA==,dbs/6ookAA==/colls/6ookAOo23lI=/docs/6ookAOo23lIEAQAAAAAAAA==/,"""0200ccb3-0000-0a00-0000-680f6bf10000""",attachments/,1745841137,
150,389,150,389,35023,563d4203-d626-4626-9f14-83dba55738ef_page2_table1_pair20,563d4203-d626-4626-9f14-83dba55738ef,2,1,6ookAOo23lIFAQAAAAAAAA==,dbs/6ookAA==/colls/6ookAOo23lI=/docs/6ookAOo23lIFAQAAAAAAAA==/,"""0200cdb3-0000-0a00-0000-680f6bf10000""",attachments/,1745841137,
176,341,176,341,35023,563d4203-d626-4626-9f14-83dba55738ef_page2_table1_pair21,563d4203-d626-4626-9f14-83dba55738ef,2,1,6ookAOo23lIGAQAAAAAAAA==,dbs/6ookAA==/colls/6ookAOo23lI=/docs/6ookAOo23lIGAQAAAAAAAA==/,"""0200ceb3-0000-0a00-0000-680f6bf10000""",attachments/,1745841137,
171,29,171,29,35023,563d4203-d626-4626-9f14-83dba55738ef_page3_table1_pair0,563d4203-d626-4626-9f14-83dba55738ef,3,1,6ookAOo23lIHAQAAAAAAAA==,dbs/6ookAA==/colls/6ookAOo23lI=/docs/6ookAOo23lIHAQAAAAAAAA==/,"""0200ddb3-0000-0a00-0000-680f6bfc0000""",attachments/,1745841148,
171,38.,171,38,35023,563d4203-d626-4626-9f14-83dba55738ef_page3_table1_pair1,563d4203-d626-4626-9f14-83dba55738ef,3,1,6ookAOo23lIIAQAAAAAAAA==,dbs/6ookAA==/colls/6ookAOo23lI=/docs/6ookAOo23lIIAQAAAAAAAA==/,"""0200deb3-0000-0a00-0000-680f6bfc0000""",attachments/,1745841148,
15/,202,15,202,35023,563d4203-d626-4626-9f14-83dba55738ef_page3_table1_pair2,563d4203-d626-4626-9f14-83dba55738ef,3,1,6ookAOo23lIJAQAAAAAAAA==,dbs/6ookAA==/colls/6ookAOo23lI=/docs/6ookAOo23lIJAQAAAAAAAA==/,"""0200e0b3-0000-0a00-0000-680f6bfc0000""",attachments/,1745841148,
196,255,196,255,35023,563d4203-d626-4626-9f14-83dba55738ef_page3_table1_pair3,563d4203-d626-4626-9f14-83dba55738ef,3,1,6ookAOo23lIKAQAAAAAAAA==,dbs/6ookAA==/colls/6ookAOo23lI=/docs/6ookAOo23lIKAQAAAAAAAA==/,"""0200e1b3-0000-0a00-0000-680f6bfc0000""",attachments/,1745841148,
196,256,196,256,35023,563d4203-d626-4626-9f14-83dba55738ef_page3_table1_pair4,563d4203-d626-4626-9f14-83dba55738ef,3,1,6ookAOo23lILAQAAAAAAAA==,dbs/6ookAA==/colls/6ookAOo23lI=/docs/6ookAOo23lILAQAAAAAAAA==/,"""0200e2b3-0000-0a00-0000-680f6bfc0000""",attachments/,1745841148,
196,254.,196,254,35023,563d4203-d626-4626-9f14-83dba55738ef_page3_table1_pair5,563d4203-d626-4626-9f14-83dba55738ef,3,1,6ookAOo23lIMAQAAAAAAAA==,dbs/6ookAA==/colls/6ookAOo23lI=/docs/6ookAOo23lIMAQAAAAAAAA==/,"""0200e3b3-0000-0a00-0000-680f6bfc0000""",attachments/,1745841148,
182,285,182,285,35023,563d4203-d626-4626-9f14-83dba55738ef_page3_table1_pair6,563d4203-d626-4626-9f14-83dba55738ef,3,1,6ookAOo23lINAQAAAAAAAA==,dbs/6ookAA==/colls/6ookAOo23lI=/docs/6ookAOo23lINAQAAAAAAAA==/,"""0200e4b3-0000-0a00-0000-680f6bfc0000""",attachments/,1745841148,
180,356,180,356,35023,563d4203-d626-4626-9f14-83dba55738ef_page3_table1_pair7,563d4203-d626-4626-9f14-83dba55738ef,3,1,6ookAOo23lIOAQAAAAAAAA==,dbs/6ookAA==/colls/6ookAOo23lI=/docs/6ookAOo23lIOAQAAAAAAAA==/,"""0200e5b3-0000-0a00-0000-680f6bfc0000""",attachments/,1745841148,
179,347,179,347,35023,563d4203-d626-4626-9f14-83dba55738ef_page3_table1_pair8,563d4203-d626-4626-9f14-83dba55738ef,3,1,6ookAOo23lIPAQAAAAAAAA==,dbs/6ookAA==/colls/6ookAOo23lI=/docs/6ookAOo23lIPAQAAAAAAAA==/,"""0200e6b3-0000-0a00-0000-680f6bfc0000""",attachments/,1745841148,
179,217,179,217,35023,563d4203-d626-4626-9f14-83dba55738ef_page3_table1_pair9,563d4203-d626-4626-9f14-83dba55738ef,3,1,6ookAOo23lIQAQAAAAAAAA==,dbs/6ookAA==/colls/6ookAOo23lI=/docs/6ookAOo23lIQAQAAAAAAAA==/,"""0200e7b3-0000-0a00-0000-680f6bfc0000""",attachments/,1745841148,
182,268,182,268,35023,563d4203-d626-4626-9f14-83dba55738ef_page3_table1_pair10,563d4203-d626-4626-9f14-83dba55738ef,3,1,6ookAOo23lIRAQAAAAAAAA==,dbs/6ookAA==/colls/6ookAOo23lI=/docs/6ookAOo23lIRAQAAAAAAAA==/,"""0200e8b3-0000-0a00-0000-680f6bfc0000""",attachments/,1745841148,
151,3,151,3,35023,563d4203-d626-4626-9f14-83dba55738ef_page3_table1_pair11,563d4203-d626-4626-9f14-83dba55738ef,3,1,6ookAOo23lISAQAAAAAAAA==,dbs/6ookAA==/colls/6ookAOo23lI=/docs/6ookAOo23lISAQAAAAAAAA==/,"""0200e9b3-0000-0a00-0000-680f6bfc0000""",attachments/,1745841148,
172,420,172,420,35023,563d4203-d626-4626-9f14-83dba55738ef_page3_table1_pair12,563d4203-d626-4626-9f14-83dba55738ef,3,1,6ookAOo23lITAQAAAAAAAA==,dbs/6ookAA==/colls/6ookAOo23lI=/docs/6ookAOo23lITAQAAAAAAAA==/,"""0200eab3-0000-0a00-0000-680f6bfc0000""",attachments/,1745841148,
196,106,196,106,35023,563d4203-d626-4626-9f14-83dba55738ef_page3_table1_pair13,563d4203-d626-4626-9f14-83dba55738ef,3,1,6ookAOo23lIUAQAAAAAAAA==,dbs/6ookAA==/colls/6ookAOo23lI=/docs/6ookAOo23lIUAQAAAAAAAA==/,"""0200ebb3-0000-0a00-0000-680f6bfc0000""",attachments/,1745841148,
196,107,196,107,35023,563d4203-d626-4626-9f14-83dba55738ef_page3_table1_pair14,563d4203-d626-4626-9f14-83dba55738ef,3,1,6ookAOo23lIVAQAAAAAAAA==,dbs/6ookAA==/colls/6ookAOo23lI=/docs/6ookAOo23lIVAQAAAAAAAA==/,"""0200ecb3-0000-0a00-0000-680f6bfc0000""",attachments/,1745841148,
196,108,196,108,35023,563d4203-d626-4626-9f14-83dba55738ef_page3_table1_pair15,563d4203-d626-4626-9f14-83dba55738ef,3,1,6ookAOo23lIWAQAAAAAAAA==,dbs/6ookAA==/colls/6ookAOo23lI=/docs/6ookAOo23lIWAQAAAAAAAA==/,"""0200edb3-0000-0a00-0000-680f6bfc0000""",attachments/,1745841148,
179,386,179,386,35023,563d4203-d626-4626-9f14-83dba55738ef_page3_table1_pair16,563d4203-d626-4626-9f14-83dba55738ef,3,1,6ookAOo23lIXAQAAAAAAAA==,dbs/6ookAA==/colls/6ookAOo23lI=/docs/6ookAOo23lIXAQAAAAAAAA==/,"""0200eeb3-0000-0a00-0000-680f6bfc0000""",attachments/,1745841148,
195,101,195,101,35023,563d4203-d626-4626-9f14-83dba55738ef_page3_table1_pair17,563d4203-d626-4626-9f14-83dba55738ef,3,1,6ookAOo23lIYAQAAAAAAAA==,dbs/6ookAA==/colls/6ookAOo23lI=/docs/6ookAOo23lIYAQAAAAAAAA==/,"""0200efb3-0000-0a00-0000-680f6bfc0000""",attachments/,1745841148,
147,360:,147,360,35023,563d4203-d626-4626-9f14-83dba55738ef_page3_table1_pair18,563d4203-d626-4626-9f14-83dba55738ef,3,1,6ookAOo23lIZAQAAAAAAAA==,dbs/6ookAA==/colls/6ookAOo23lI=/docs/6ookAOo23lIZAQAAAAAAAA==/,"""0200f0b3-0000-0a00-0000-680f6bfc0000""",attachments/,1745841148,
170,228,170,228,35023,563d4203-d626-4626-9f14-83dba55738ef_page3_table1_pair19,563d4203-d626-4626-9f14-83dba55738ef,3,1,6ookAOo23lIaAQAAAAAAAA==,dbs/6ookAA==/colls/6ookAOo23lI=/docs/6ookAOo23lIaAQAAAAAAAA==/,"""0200f1b3-0000-0a00-0000-680f6bfc0000""",attachments/,1745841148,
170,229,170,229,35023,563d4203-d626-4626-9f14-83dba55738ef_page3_table1_pair20,563d4203-d626-4626-9f14-83dba55738ef,3,1,6ookAOo23lIbAQAAAAAAAA==,dbs/6ookAA==/colls/6ookAOo23lI=/docs/6ookAOo23lIbAQAAAAAAAA==/,"""0200f2b3-0000-0a00-0000-680f6bfc0000""",attachments/,1745841148,
185,268,185,268,35023,563d4203-d626-4626-9f14-83dba55738ef_page4_table1_pair0,563d4203-d626-4626-9f14-83dba55738ef,4,1,6ookAOo23lIcAQAAAAAAAA==,dbs/6ookAA==/colls/6ookAOo23lI=/docs/6ookAOo23lIcAQAAAAAAAA==/,"""020004b4-0000-0a00-0000-680f6c090000""",attachments/,1745841161,
157,548,157,548,35023,563d4203-d626-4626-9f14-83dba55738ef_page4_table1_pair1,563d4203-d626-4626-9f14-83dba55738ef,4,1,6ookAOo23lIdAQAAAAAAAA==,dbs/6ookAA==/colls/6ookAOo23lI=/docs/6ookAOo23lIdAQAAAAAAAA==/,"""020005b4-0000-0a00-0000-680f6c090000""",attachments/,1745841161,
157,549,157,549,35023,563d4203-d626-4626-9f14-83dba55738ef_page4_table1_pair2,563d4203-d626-4626-9f14-83dba55738ef,4,1,6ookAOo23lIeAQAAAAAAAA==,dbs/6ookAA==/colls/6ookAOo23lI=/docs/6ookAOo23lIeAQAAAAAAAA==/,"""020006b4-0000-0a00-0000-680f6c090000""",attachments/,1745841161,
157,430,157,430,35023,563d4203-d626-4626-9f14-83dba55738ef_page4_table1_pair3,563d4203-d626-4626-9f14-83dba55738ef,4,1,6ookAOo23lIfAQAAAAAAAA==,dbs/6ookAA==/colls/6ookAOo23lI=/docs/6ookAOo23lIfAQAAAAAAAA==/,"""020007b4-0000-0a00-0000-680f6c090000""",attachments/,1745841161,
157,431,157,431,35023,563d4203-d626-4626-9f14-83dba55738ef_page4_table1_pair4,563d4203-d626-4626-9f14-83dba55738ef,4,1,6ookAOo23lIgAQAAAAAAAA==,dbs/6ookAA==/colls/6ookAOo23lI=/docs/6ookAOo23lIgAQAAAAAAAA==/,"""020008b4-0000-0a00-0000-680f6c090000""",attachments/,1745841161,
143,258.,143,258,35023,563d4203-d626-4626-9f14-83dba55738ef_page4_table1_pair5,563d4203-d626-4626-9f14-83dba55738ef,4,1,6ookAOo23lIhAQAAAAAAAA==,dbs/6ookAA==/colls/6ookAOo23lI=/docs/6ookAOo23lIhAQAAAAAAAA==/,"""020009b4-0000-0a00-0000-680f6c090000""",attachments/,1745841161,
185,95,185,95,35023,563d4203-d626-4626-9f14-83dba55738ef_page4_table1_pair6,563d4203-d626-4626-9f14-83dba55738ef,4,1,6ookAOo23lIiAQAAAAAAAA==,dbs/6ookAA==/colls/6ookAOo23lI=/docs/6ookAOo23lIiAQAAAAAAAA==/,"""02000ab4-0000-0a00-0000-680f6c090000""",attachments/,1745841161,
142,205,142,205,35023,563d4203-d626-4626-9f14-83dba55738ef_page4_table1_pair7,563d4203-d626-4626-9f14-83dba55738ef,4,1,6ookAOo23lIjAQAAAAAAAA==,dbs/6ookAA==/colls/6ookAOo23lI=/docs/6ookAOo23lIjAQAAAAAAAA==/,"""02000bb4-0000-0a00-0000-680f6c090000""",attachments/,1745841161,
142,207,142,207,35023,563d4203-d626-4626-9f14-83dba55738ef_page4_table1_pair8,563d4203-d626-4626-9f14-83dba55738ef,4,1,6ookAOo23lIkAQAAAAAAAA==,dbs/6ookAA==/colls/6ookAOo23lI=/docs/6ookAOo23lIkAQAAAAAAAA==/,"""02000cb4-0000-0a00-0000-680f6c090000""",attachments/,1745841161,
157,550,157,550,35023,563d4203-d626-4626-9f14-83dba55738ef_page4_table1_pair9,563d4203-d626-4626-9f14-83dba55738ef,4,1,6ookAOo23lIlAQAAAAAAAA==,dbs/6ookAA==/colls/6ookAOo23lI=/docs/6ookAOo23lIlAQAAAAAAAA==/,"""02000db4-0000-0a00-0000-680f6c090000""",attachments/,1745841161,
166,267,166,267,35023,563d4203-d626-4626-9f14-83dba55738ef_page4_table1_pair10,563d4203-d626-4626-9f14-83dba55738ef,4,1,6ookAOo23lImAQAAAAAAAA==,dbs/6ookAA==/colls/6ookAOo23lI=/docs/6ookAOo23lImAQAAAAAAAA==/,"""02000eb4-0000-0a00-0000-680f6c0a0000""",attachments/,1745841162,
163,465,163,465,35023,563d4203-d626-4626-9f14-83dba55738ef_page4_table1_pair11,563d4203-d626-4626-9f14-83dba55738ef,4,1,6ookAOo23lInAQAAAAAAAA==,dbs/6ookAA==/colls/6ookAOo23lI=/docs/6ookAOo23lInAQAAAAAAAA==/,"""02000fb4-0000-0a00-0000-680f6c0a0000""",attachments/,1745841162,
163,464,163,464,35023,563d4203-d626-4626-9f14-83dba55738ef_page4_table1_pair12,563d4203-d626-4626-9f14-83dba55738ef,4,1,6ookAOo23lIoAQAAAAAAAA==,dbs/6ookAA==/colls/6ookAOo23lI=/docs/6ookAOo23lIoAQAAAAAAAA==/,"""020011b4-0000-0a00-0000-680f6c0a0000""",attachments/,1745841162,
155,218,155,218,35023,563d4203-d626-4626-9f14-83dba55738ef_page4_table1_pair13,563d4203-d626-4626-9f14-83dba55738ef,4,1,6ookAOo23lIpAQAAAAAAAA==,dbs/6ookAA==/colls/6ookAOo23lI=/docs/6ookAOo23lIpAQAAAAAAAA==/,"""020012b4-0000-0a00-0000-680f6c0a0000""",attachments/,1745841162,
155,219,155,219,35023,563d4203-d626-4626-9f14-83dba55738ef_page4_table1_pair14,563d4203-d626-4626-9f14-83dba55738ef,4,1,6ookAOo23lIqAQAAAAAAAA==,dbs/6ookAA==/colls/6ookAOo23lI=/docs/6ookAOo23lIqAQAAAAAAAA==/,"""020013b4-0000-0a00-0000-680f6c0a0000""",attachments/,1745841162,
155,226,155,226,35023,563d4203-d626-4626-9f14-83dba55738ef_page4_table1_pair15,563d4203-d626-4626-9f14-83dba55738ef,4,1,6ookAOo23lIrAQAAAAAAAA==,dbs/6ookAA==/colls/6ookAOo23lI=/docs/6ookAOo23lIrAQAAAAAAAA==/,"""020014b4-0000-0a00-0000-680f6c0a0000""",attachments/,1745841162,
163,25,163,25,35023,563d4203-d626-4626-9f14-83dba55738ef_page4_table1_pair16,563d4203-d626-4626-9f14-83dba55738ef,4,1,6ookAOo23lIsAQAAAAAAAA==,dbs/6ookAA==/colls/6ookAOo23lI=/docs/6ookAOo23lIsAQAAAAAAAA==/,"""020015b4-0000-0a00-0000-680f6c0a0000""",attachments/,1745841162,
163,28,163,28,35023,563d4203-d626-4626-9f14-83dba55738ef_page4_table1_pair17,563d4203-d626-4626-9f14-83dba55738ef,4,1,6ookAOo23lItAQAAAAAAAA==,dbs/6ookAA==/colls/6ookAOo23lI=/docs/6ookAOo23lItAQAAAAAAAA==/,"""020016b4-0000-0a00-0000-680f6c0a0000""",attachments/,1745841162,
142,186,142,186,35023,563d4203-d626-4626-9f14-83dba55738ef_page4_table1_pair18,563d4203-d626-4626-9f14-83dba55738ef,4,1,6ookAOo23lIuAQAAAAAAAA==,dbs/6ookAA==/colls/6ookAOo23lI=/docs/6ookAOo23lIuAQAAAAAAAA==/,"""020017b4-0000-0a00-0000-680f6c0a0000""",attachments/,1745841162,
142,396,142,396,35023,563d4203-d626-4626-9f14-83dba55738ef_page4_table1_pair19,563d4203-d626-4626-9f14-83dba55738ef,4,1,6ookAOo23lIvAQAAAAAAAA==,dbs/6ookAA==/colls/6ookAOo23lI=/docs/6ookAOo23lIvAQAAAAAAAA==/,"""020018b4-0000-0a00-0000-680f6c0a0000""",attachments/,1745841162,
166,93,166,93,35023,563d4203-d626-4626-9f14-83dba55738ef_page4_table1_pair20,563d4203-d626-4626-9f14-83dba55738ef,4,1,6ookAOo23lIwAQAAAAAAAA==,dbs/6ookAA==/colls/6ookAOo23lI=/docs/6ookAOo23lIwAQAAAAAAAA==/,"""020019b4-0000-0a00-0000-680f6c0a0000""",attachments/,1745841162,
157,264,157,264,35023,563d4203-d626-4626-9f14-83dba55738ef_page4_table1_pair21,563d4203-d626-4626-9f14-83dba55738ef,4,1,6ookAOo23lIxAQAAAAAAAA==,dbs/6ookAA==/colls/6ookAOo23lI=/docs/6ookAOo23lIxAQAAAAAAAA==/,"""02001ab4-0000-0a00-0000-680f6c0a0000""",attachments/,1745841162,
145 -,392,145,392,35023,563d4203-d626-4626-9f14-83dba55738ef_page5_table1_pair0,563d4203-d626-4626-9f14-83dba55738ef,5,1,6ookAOo23lIyAQAAAAAAAA==,dbs/6ookAA==/colls/6ookAOo23lI=/docs/6ookAOo23lIyAQAAAAAAAA==/,"""020026b4-0000-0a00-0000-680f6c180000""",attachments/,1745841176,
157,316,157,316,35023,563d4203-d626-4626-9f14-83dba55738ef_page5_table1_pair1,563d4203-d626-4626-9f14-83dba55738ef,5,1,6ookAOo23lIzAQAAAAAAAA==,dbs/6ookAA==/colls/6ookAOo23lI=/docs/6ookAOo23lIzAQAAAAAAAA==/,"""020027b4-0000-0a00-0000-680f6c180000""",attachments/,1745841176,
157,3/7/317,157,37317,35023,563d4203-d626-4626-9f14-83dba55738ef_page5_table1_pair2,563d4203-d626-4626-9f14-83dba55738ef,5,1,6ookAOo23lI0AQAAAAAAAA==,dbs/6ookAA==/colls/6ookAOo23lI=/docs/6ookAOo23lI0AQAAAAAAAA==/,"""020028b4-0000-0a00-0000-680f6c180000""",attachments/,1745841176,
163,15.9,163,159,35023,563d4203-d626-4626-9f14-83dba55738ef_page5_table1_pair3,563d4203-d626-4626-9f14-83dba55738ef,5,1,6ookAOo23lI1AQAAAAAAAA==,dbs/6ookAA==/colls/6ookAOo23lI=/docs/6ookAOo23lI1AQAAAAAAAA==/,"""020029b4-0000-0a00-0000-680f6c180000""",attachments/,1745841176,
156,36,156,36,35023,563d4203-d626-4626-9f14-83dba55738ef_page5_table1_pair4,563d4203-d626-4626-9f14-83dba55738ef,5,1,6ookAOo23lI2AQAAAAAAAA==,dbs/6ookAA==/colls/6ookAOo23lI=/docs/6ookAOo23lI2AQAAAAAAAA==/,"""02002ab4-0000-0a00-0000-680f6c180000""",attachments/,1745841176,
143,383,143,383,35023,563d4203-d626-4626-9f14-83dba55738ef_page5_table1_pair5,563d4203-d626-4626-9f14-83dba55738ef,5,1,6ookAOo23lI3AQAAAAAAAA==,dbs/6ookAA==/colls/6ookAOo23lI=/docs/6ookAOo23lI3AQAAAAAAAA==/,"""02002bb4-0000-0a00-0000-680f6c180000""",attachments/,1745841176,
143,334,143,334,35023,563d4203-d626-4626-9f14-83dba55738ef_page5_table1_pair6,563d4203-d626-4626-9f14-83dba55738ef,5,1,6ookAOo23lI4AQAAAAAAAA==,dbs/6ookAA==/colls/6ookAOo23lI=/docs/6ookAOo23lI4AQAAAAAAAA==/,"""02002cb4-0000-0a00-0000-680f6c180000""",attachments/,1745841176,
146,84,146,84,35023,563d4203-d626-4626-9f14-83dba55738ef_page5_table1_pair7,563d4203-d626-4626-9f14-83dba55738ef,5,1,6ookAOo23lI5AQAAAAAAAA==,dbs/6ookAA==/colls/6ookAOo23lI=/docs/6ookAOo23lI5AQAAAAAAAA==/,"""02002db4-0000-0a00-0000-680f6c180000""",attachments/,1745841176,
146,33,146,33,35023,563d4203-d626-4626-9f14-83dba55738ef_page5_table1_pair8,563d4203-d626-4626-9f14-83dba55738ef,5,1,6ookAOo23lI6AQAAAAAAAA==,dbs/6ookAA==/colls/6ookAOo23lI=/docs/6ookAOo23lI6AQAAAAAAAA==/,"""02002eb4-0000-0a00-0000-680f6c180000""",attachments/,1745841176,
144,317,144,317,35023,563d4203-d626-4626-9f14-83dba55738ef_page5_table1_pair9,563d4203-d626-4626-9f14-83dba55738ef,5,1,6ookAOo23lI7AQAAAAAAAA==,dbs/6ookAA==/colls/6ookAOo23lI=/docs/6ookAOo23lI7AQAAAAAAAA==/,"""02002fb4-0000-0a00-0000-680f6c180000""",attachments/,1745841176,
141,392,141,392,35023,563d4203-d626-4626-9f14-83dba55738ef_page5_table1_pair10,563d4203-d626-4626-9f14-83dba55738ef,5,1,6ookAOo23lI8AQAAAAAAAA==,dbs/6ookAA==/colls/6ookAOo23lI=/docs/6ookAOo23lI8AQAAAAAAAA==/,"""020030b4-0000-0a00-0000-680f6c180000""",attachments/,1745841176,
157,585,157,585,35023,563d4203-d626-4626-9f14-83dba55738ef_page5_table1_pair11,563d4203-d626-4626-9f14-83dba55738ef,5,1,6ookAOo23lI9AQAAAAAAAA==,dbs/6ookAA==/colls/6ookAOo23lI=/docs/6ookAOo23lI9AQAAAAAAAA==/,"""020031b4-0000-0a00-0000-680f6c180000""",attachments/,1745841176,
157,586,157,586,35023,563d4203-d626-4626-9f14-83dba55738ef_page5_table1_pair12,563d4203-d626-4626-9f14-83dba55738ef,5,1,6ookAOo23lI+AQAAAAAAAA==,dbs/6ookAA==/colls/6ookAOo23lI=/docs/6ookAOo23lI+AQAAAAAAAA==/,"""020032b4-0000-0a00-0000-680f6c180000""",attachments/,1745841176,
184,93,184,93,35023,563d4203-d626-4626-9f14-83dba55738ef_page5_table1_pair13,563d4203-d626-4626-9f14-83dba55738ef,5,1,6ookAOo23lI-AQAAAAAAAA==,dbs/6ookAA==/colls/6ookAOo23lI=/docs/6ookAOo23lI-AQAAAAAAAA==/,"""020033b4-0000-0a00-0000-680f6c180000""",attachments/,1745841176,
184,94,184,94,35023,563d4203-d626-4626-9f14-83dba55738ef_page5_table1_pair14,563d4203-d626-4626-9f14-83dba55738ef,5,1,6ookAOo23lJAAQAAAAAAAA==,dbs/6ookAA==/colls/6ookAOo23lI=/docs/6ookAOo23lJAAQAAAAAAAA==/,"""020034b4-0000-0a00-0000-680f6c180000""",attachments/,1745841176,
185,92,185,92,35023,563d4203-d626-4626-9f14-83dba55738ef_page5_table1_pair15,563d4203-d626-4626-9f14-83dba55738ef,5,1,6ookAOo23lJBAQAAAAAAAA==,dbs/6ookAA==/colls/6ookAOo23lI=/docs/6ookAOo23lJBAQAAAAAAAA==/,"""020035b4-0000-0a00-0000-680f6c180000""",attachments/,1745841176,
145,247,145,247,35023,563d4203-d626-4626-9f14-83dba55738ef_page5_table1_pair16,563d4203-d626-4626-9f14-83dba55738ef,5,1,6ookAOo23lJCAQAAAAAAAA==,dbs/6ookAA==/colls/6ookAOo23lI=/docs/6ookAOo23lJCAQAAAAAAAA==/,"""020036b4-0000-0a00-0000-680f6c180000""",attachments/,1745841176,
145,246,145,246,35023,563d4203-d626-4626-9f14-83dba55738ef_page5_table1_pair17,563d4203-d626-4626-9f14-83dba55738ef,5,1,6ookAOo23lJDAQAAAAAAAA==,dbs/6ookAA==/colls/6ookAOo23lI=/docs/6ookAOo23lJDAQAAAAAAAA==/,"""020037b4-0000-0a00-0000-680f6c180000""",attachments/,1745841176,
163,103,163,103,35023,563d4203-d626-4626-9f14-83dba55738ef_page5_table1_pair18,563d4203-d626-4626-9f14-83dba55738ef,5,1,6ookAOo23lJEAQAAAAAAAA==,dbs/6ookAA==/colls/6ookAOo23lI=/docs/6ookAOo23lJEAQAAAAAAAA==/,"""020038b4-0000-0a00-0000-680f6c180000""",attachments/,1745841176,
141,411.,141,411,35023,563d4203-d626-4626-9f14-83dba55738ef_page5_table1_pair19,563d4203-d626-4626-9f14-83dba55738ef,5,1,6ookAOo23lJFAQAAAAAAAA==,dbs/6ookAA==/colls/6ookAOo23lI=/docs/6ookAOo23lJFAQAAAAAAAA==/,"""020039b4-0000-0a00-0000-680f6c180000""",attachments/,1745841176,
157,29.,157,29,35023,563d4203-d626-4626-9f14-83dba55738ef_page5_table1_pair20,563d4203-d626-4626-9f14-83dba55738ef,5,1,6ookAOo23lJGAQAAAAAAAA==,dbs/6ookAA==/colls/6ookAOo23lI=/docs/6ookAOo23lJGAQAAAAAAAA==/,"""02003ab4-0000-0a00-0000-680f6c180000""",attachments/,1745841176,
166,466,166,466,35023,563d4203-d626-4626-9f14-83dba55738ef_page5_table1_pair21,563d4203-d626-4626-9f14-83dba55738ef,5,1,6ookAOo23lJHAQAAAAAAAA==,dbs/6ookAA==/colls/6ookAOo23lI=/docs/6ookAOo23lJHAQAAAAAAAA==/,"""02003bb4-0000-0a00-0000-680f6c180000""",attachments/,1745841176,
